experiment_key,lot_number,family,stage,mae,rmse,mean_shift_absolute_error,residual_profile_mae,residual_profile_rmse
2024-07-11_01,4,ridge,template,0.5712488957768305,0.6098267560842491,0.5712488957768305,0.15333889399196482,0.2134557835009164
2024-07-11_01,4,ridge,mean_shift,0.3754228511937942,0.4318630439253489,0.3754228511937942,0.15333889399196482,0.2134557835009164
2024-07-11_01,4,ridge,full_map,0.37542285119379304,0.48280192901832897,0.37542285119379304,0.1565355214124241,0.3035710550519313
2024-07-11_02,4,ridge,template,0.6323983339790772,0.6537415480403725,0.6323983339790772,0.12395423688231601,0.1656814981061866
2024-07-11_02,4,ridge,mean_shift,0.5537040749860737,0.5779606919773124,0.5537040749860737,0.12395423688231601,0.1656814981061866
2024-07-11_02,4,ridge,full_map,0.5537040749860727,0.6163270267569844,0.5537040749860727,0.15540471252835533,0.27068579802960147
2024-07-11_03,4,ridge,template,0.5803635025184032,0.5915931525919618,0.5803635025184032,0.0771130595666696,0.1147199334826673
2024-07-11_03,4,ridge,mean_shift,0.4444782842226484,0.45904423347187034,0.4444782842226484,0.07711305956667096,0.11471993348266732
2024-07-11_03,4,ridge,full_map,0.4444782842226471,0.5429024365225922,0.4444782842226471,0.12965532666886878,0.3117404536415815
2024-07-11_04,4,ridge,template,0.25688372723750424,0.27586347032746517,0.25688372723750424,0.07079311650827755,0.10055548190765022
2024-07-11_04,4,ridge,mean_shift,0.35398427963437135,0.3679895041573123,0.35398427963437135,0.07079311650827755,0.10055548190765022
2024-07-11_04,4,ridge,full_map,0.353984279634369,0.4196565081600982,0.353984279634369,0.11626934104464338,0.22540344853809005
2024-07-11_05,4,ridge,template,0.1916169701666016,0.21647899225273887,0.1907297946532346,0.07810085543013177,0.10239775152949565
2024-07-11_05,4,ridge,mean_shift,0.4863093061955703,0.49697287733910916,0.4863093061955703,0.07810085543013177,0.10239775152949565
2024-07-11_05,4,ridge,full_map,0.4863093061955681,0.5407130863128107,0.4863093061955681,0.09680940179293542,0.2363766071706552
2024-07-11_06,4,ridge,template,0.1164702440914392,0.14837236037059515,0.08789604804339442,0.09623195869556747,0.11953510806576889
2024-07-11_06,4,ridge,mean_shift,0.19642932421978782,0.22581094762331563,0.19157750913467045,0.09623195869556747,0.11953510806576889
2024-07-11_06,4,ridge,full_map,0.19252203917465924,0.2647135659686034,0.19157750913466853,0.10411004636444336,0.18267821435948553
2024-07-11_07,4,ridge,template,0.5103780705153041,0.5319436022307766,0.5103780705153041,0.1186062008889515,0.14992738606181982
2024-07-11_07,4,ridge,mean_shift,0.25497183980232474,0.2833687250223302,0.24045709228353193,0.1186062008889515,0.14992738606181982
2024-07-11_07,4,ridge,full_map,0.24852927314392903,0.35445327313104674,0.24045709228352916,0.12086212465237671,0.26041795176957905
2024-07-11_08,4,ridge,template,0.5847735761332821,0.6025525790841797,0.5847735761332821,0.1170393280193643,0.14529100184556967
2024-07-11_08,4,ridge,mean_shift,0.20356407496013457,0.23272398251067986,0.1817992761766171,0.1170393280193643,0.14529100184556967
2024-07-11_08,4,ridge,full_map,0.187903608725988,0.2982144557874395,0.18179927617661423,0.10390554443695553,0.23639138060060033
2024-07-11_09,4,ridge,template,0.7755994188299111,0.7903539749957151,0.7755994188299111,0.12115242676603871,0.1520031160938211
2024-07-11_09,4,ridge,mean_shift,0.12866659768356303,0.17500325147636975,0.08672479878944576,0.12115242676603871,0.1520031160938211
2024-07-11_09,4,ridge,full_map,0.1332337582401718,0.205879949138592,0.08672479878944872,0.10549788403717494,0.1867226893878697
2024-07-11_10,4,ridge,template,0.3016888415342899,0.3401610633778226,0.30004660984114745,0.1285878193714664,0.16025473771831297
2024-07-11_10,4,ridge,mean_shift,0.332357452768175,0.3632009070798702,0.32593453014750556,0.1285878193714664,0.16025473771831297
2024-07-11_10,4,ridge,full_map,0.3325621561488797,0.3916450197620715,0.3259345301475027,0.10888880356577019,0.21714627227277014
2024-07-11_01,4,pls,template,0.5712488957768305,0.6098267560842491,0.5712488957768305,0.15333889399196482,0.2134557835009164
2024-07-11_01,4,pls,mean_shift,0.22085963659059368,0.3071519991550099,0.22085963659059368,0.15333889399196482,0.2134557835009164
2024-07-11_01,4,pls,full_map,0.22093844780964278,0.4440430822058541,0.2208596365905948,0.1350046130538875,0.3852210790960761
2024-07-11_02,4,pls,template,0.6323983339790772,0.6537415480403725,0.6323983339790772,0.12395423688231601,0.1656814981061866
2024-07-11_02,4,pls,mean_shift,0.4050493869278441,0.43762468470749294,0.4050493869278441,0.12395423688231601,0.1656814981061866
2024-07-11_02,4,pls,full_map,0.4050493869278443,0.5081571746761104,0.4050493869278443,0.11821982099486716,0.3068529099164361
2024-07-11_03,4,pls,template,0.5803635025184032,0.5915931525919618,0.5803635025184032,0.0771130595666696,0.1147199334826673
2024-07-11_03,4,pls,mean_shift,0.15492134672937252,0.19118951955533103,0.15294694913443255,0.0771130595666696,0.1147199334826673
2024-07-11_03,4,pls,full_map,0.24730692767245452,0.5334731129270394,0.15294694913443416,0.20322409664505453,0.5110780693460975
2024-07-11_04,4,pls,template,0.25688372723750424,0.27586347032746517,0.25688372723750424,0.07079311650827755,0.10055548190765022
2024-07-11_04,4,pls,mean_shift,0.1687410391928462,0.19642625707645187,0.16873609432301254,0.07079311650827755,0.10055548190765022
2024-07-11_04,4,pls,full_map,0.18120608158432655,0.27523700662515066,0.1687360943230127,0.10672329984570199,0.21744778749986993
2024-07-11_05,4,pls,template,0.1916169701666016,0.21647899225273887,0.1907297946532346,0.07810085543013177,0.10239775152949565
2024-07-11_05,4,pls,mean_shift,0.2279590828008772,0.2499012664027806,0.2279590828008772,0.07810085543013201,0.10239775152949565
2024-07-11_05,4,pls,full_map,0.2911589887446905,0.4497644196441697,0.22795908280087826,0.2027908189540133,0.38771470148349957
2024-07-11_06,4,pls,template,0.1164702440914392,0.14837236037059515,0.08789604804339442,0.09623195869556747,0.11953510806576889
2024-07-11_06,4,pls,mean_shift,0.09863903594383867,0.12169436024282276,0.022822691660162965,0.09623195869556747,0.11953510806576889
2024-07-11_06,4,pls,full_map,0.12914644873128056,0.19305986817876877,0.022822691660162247,0.12652400647514345,0.19170612261111733
2024-07-11_07,4,pls,template,0.5103780705153041,0.5319436022307766,0.5103780705153041,0.1186062008889515,0.14992738606181982
2024-07-11_07,4,pls,mean_shift,0.11787201765761196,0.15012281286191193,0.007657535520169697,0.1186062008889515,0.14992738606181982
2024-07-11_07,4,pls,full_map,0.21894232278277131,0.3547978617813311,0.007657535520169138,0.21993198489522936,0.35471521658136096
2024-07-11_08,4,pls,template,0.5847735761332821,0.6025525790841797,0.5847735761332821,0.1170393280193643,0.14529100184556967
2024-07-11_08,4,pls,mean_shift,0.11584724409334712,0.14590195825638214,0.01333814851310885,0.1170393280193655,0.14529100184556967
2024-07-11_08,4,pls,full_map,0.2099225304385408,0.32942601838872326,0.01333814851310861,0.21077248911742974,0.3291558831096441
2024-07-11_09,4,pls,template,0.7755994188299111,0.7903539749957151,0.7755994188299111,0.12115242676603871,0.1520031160938211
2024-07-11_09,4,pls,mean_shift,0.34953449992834673,0.3791041363703664,0.3472967015548661,0.12115242676603871,0.1520031160938211
2024-07-11_09,4,pls,full_map,0.35452399117134203,0.38706090853870506,0.3472967015548672,0.13226116233748716,0.17088343397742609
2024-07-11_10,4,pls,template,0.3016888415342899,0.3401610633778226,0.30004660984114745,0.1285878193714664,0.16025473771831297
2024-07-11_10,4,pls,mean_shift,0.12951980485251122,0.16048971601360526,0.008681473663059089,0.1285878193714664,0.16025473771831297
2024-07-11_10,4,pls,full_map,0.22264525859512227,0.32809835339592847,0.008681473663059328,0.2213196277927854,0.32798347750482365
2024-07-11_01,4,gpr,template,0.5712488957768305,0.6098267560842491,0.5712488957768305,0.15333889399196482,0.2134557835009164
2024-07-11_01,4,gpr,mean_shift,0.14397914555705524,0.21694855885525838,0.03877248611300851,0.15333889399196265,0.21345578350091635
2024-07-11_01,4,gpr,full_map,0.11827843679753478,0.19064369912382562,0.03877248611300811,0.12621838499449275,0.18665935373356554
2024-07-11_02,4,gpr,template,0.6323983339790772,0.6537415480403725,0.6323983339790772,0.12395423688231601,0.1656814981061866
2024-07-11_02,4,gpr,mean_shift,0.15228654047265788,0.22294807152263396,0.14918271944481776,0.12395423688231433,0.16568149810618657
2024-07-11_02,4,gpr,full_map,0.14945160279450628,0.22550539403814812,0.1491827194448176,0.10819534743813164,0.1691070635998074
2024-07-11_03,4,gpr,template,0.5803635025184032,0.5915931525919618,0.5803635025184032,0.0771130595666696,0.1147199334826673
2024-07-11_03,4,gpr,mean_shift,0.09358571925498661,0.14329400383003774,0.08586331227815085,0.0771130595666696,0.1147199334826673
2024-07-11_03,4,gpr,full_map,0.09273002755180758,0.14186489706443503,0.08586331227815004,0.07434800216216945,0.1129298039656832
2024-07-11_04,4,gpr,template,0.25688372723750424,0.27586347032746517,0.25688372723750424,0.07079311650827755,0.10055548190765022
2024-07-11_04,4,gpr,mean_shift,0.06922854209752712,0.1012897101046415,0.01217375995338092,0.07079311650827755,0.10055548190765022
2024-07-11_04,4,gpr,full_map,0.05716442085505922,0.10638659964775639,0.012173759953379723,0.05919387838195633,0.10568778620639895
2024-07-11_05,4,gpr,template,0.1916169701666016,0.21647899225273887,0.1907297946532346,0.07810085543013177,0.10239775152949565
2024-07-11_05,4,gpr,mean_shift,0.10216800772827886,0.13010005867662425,0.08025413228840458,0.07810085543013177,0.10239775152949565
2024-07-11_05,4,gpr,full_map,0.09880561894995023,0.12618323895349032,0.0802541322884057,0.07532267480265399,0.0973729122673689
2024-07-11_06,4,gpr,template,0.1164702440914392,0.14837236037059515,0.08789604804339442,0.09623195869556747,0.11953510806576889
2024-07-11_06,4,gpr,mean_shift,0.2719326385174346,0.29369998382376894,0.2682741851870714,0.09623195869556747,0.11953510806576889
2024-07-11_06,4,gpr,full_map,0.2682741851870721,0.29217869594453943,0.2682741851870721,0.09347963172648768,0.11574693052545368
2024-07-11_07,4,gpr,template,0.5103780705153041,0.5319436022307766,0.5103780705153041,0.1186062008889515,0.14992738606181982
2024-07-11_07,4,gpr,mean_shift,0.36048665347864184,0.38807775638869707,0.3579470965273429,0.1186062008889515,0.14992738606181982
2024-07-11_07,4,gpr,full_map,0.3744470841319572,0.4014048189322501,0.3579470965273436,0.12133662525487234,0.18165820859426388
2024-07-11_08,4,gpr,template,0.5847735761332821,0.6025525790841797,0.5847735761332821,0.1170393280193643,0.14529100184556967
2024-07-11_08,4,gpr,mean_shift,0.3142186841211143,0.3444015970748688,0.31225467946922897,0.11703932801936309,0.14529100184556967
2024-07-11_08,4,gpr,full_map,0.3291380867984216,0.36056877244682267,0.3122546794692297,0.12357021062824218,0.18029657460245105
2024-07-11_09,4,gpr,template,0.7755994188299111,0.7903539749957151,0.7755994188299111,0.12115242676603871,0.1520031160938211
2024-07-11_09,4,gpr,mean_shift,0.6755033668653623,0.6923942128214764,0.6755033668653623,0.12115242676603871,0.1520031160938211
2024-07-11_09,4,gpr,full_map,0.6755033668653632,0.690464423495414,0.6755033668653632,0.11296744341484993,0.1429556625895347
2024-07-11_10,4,gpr,template,0.3016888415342899,0.3401610633778226,0.30004660984114745,0.1285878193714664,0.16025473771831297
2024-07-11_10,4,gpr,mean_shift,0.347767224648773,0.3823852711727551,0.34718426613067616,0.128587819371467,0.16025473771831297
2024-07-11_10,4,gpr,full_map,0.3471842661306772,0.38101312821226263,0.3471842661306772,0.12731330507568683,0.15695250626032461
2024-07-19_01,5,ridge,template,0.5911991645059064,0.6351513075563439,0.5911991645059064,0.16409534991373195,0.23216531045367553
2024-07-19_01,5,ridge,mean_shift,0.2528361973090273,0.3432591936827635,0.2528361973090273,0.16409534991373195,0.23216531045367553
2024-07-19_01,5,ridge,full_map,0.25283619730903306,0.2968312947495035,0.25283619730903306,0.10868116901586872,0.15550779682374236
2024-07-19_02,5,ridge,template,0.06558046672428643,0.09016291469180654,0.005049150100835188,0.06401484078350538,0.09002142672153791
2024-07-19_02,5,ridge,mean_shift,0.17319278594067428,0.1862468916498026,0.16304615107457177,0.06401484078350538,0.09002142672153791
2024-07-19_02,5,ridge,full_map,0.17133807537114581,0.1806481214098773,0.16304615107456658,0.04894953698800839,0.07777979421859753
2024-07-19_03,5,ridge,template,0.13242362431575924,0.14127272735179489,0.13241152405646797,0.034085121989907485,0.04924603324591717
2024-07-19_03,5,ridge,mean_shift,0.10339218808722737,0.11110505301482562,0.09959498488864403,0.034085121989907485,0.04924603324591717
2024-07-19_03,5,ridge,full_map,0.10158101858946486,0.116808773495221,0.09959498488863891,0.044338706706715886,0.06103383119622779
2024-07-19_04,5,ridge,template,0.3706997118985877,0.38859898723089475,0.3706997118985877,0.0947807826647123,0.11658000032244457
2024-07-19_04,5,ridge,mean_shift,0.17241051441406038,0.20812563983253504,0.17241051441406038,0.09478078266471014,0.11658000032244457
2024-07-19_04,5,ridge,full_map,0.1816242862898724,0.20706649803531926,0.17241051441405592,0.08150823869776726,0.11467845973892171
2024-07-19_05,5,ridge,template,0.22371953327571312,0.25421046349624776,0.22371319504465537,0.09650209666611671,0.12072848095577568
2024-07-19_05,5,ridge,mean_shift,0.14477507425311498,0.18711277243042304,0.14295392087211245,0.09650209666611671,0.12072848095577568
2024-07-19_05,5,ridge,full_map,0.1475705386574459,0.17808157135757777,0.14295392087210756,0.08064008702822976,0.10619426803964171
2024-07-19_06,5,ridge,template,0.35289072313454306,0.38015920390759445,0.35289072313454306,0.1127618560205131,0.14138301822084312
2024-07-19_06,5,ridge,mean_shift,0.20237892976467034,0.2468732246598011,0.20237892976467034,0.11276185602051142,0.1413830182208431
2024-07-19_06,5,ridge,full_map,0.2023789297646658,0.22900992709141452,0.2023789297646658,0.08440244008354059,0.10718355981083792
2024-07-19_07,5,ridge,template,0.4546379141457789,0.47943811739804987,0.4546379141457789,0.12347317193180278,0.15220143046424262
2024-07-19_07,5,ridge,mean_shift,0.12625629692943866,0.15274632884656988,0.012890521352636821,0.12347317193180159,0.15220143046424262
2024-07-19_07,5,ridge,full_map,0.0686425730123167,0.0855020278716176,0.012890521352640813,0.06424980263404238,0.08452473738152629
2024-07-19_08,5,ridge,template,0.5120738692019584,0.5363628616758322,0.5120738692019584,0.1297764261829167,0.1595790458225123
2024-07-19_08,5,ridge,mean_shift,0.15103118385964429,0.21338196653012695,0.1416558921282159,0.1297764261829167,0.1595790458225123
2024-07-19_08,5,ridge,full_map,0.14204247593216981,0.18217086263021026,0.14165589212821125,0.09297990258267953,0.11454183260623829
2024-07-19_09,5,ridge,template,0.44858398156150947,0.48884623828577684,0.44858398156150947,0.15908012974274985,0.19427572203591958
2024-07-19_09,5,ridge,mean_shift,0.23545963443215787,0.3052610286615429,0.23545963443215787,0.15908012974274985,0.19427572203591958
2024-07-19_09,5,ridge,full_map,0.23545963443215331,0.26695142762601703,0.23545963443215331,0.102083574646387,0.12578483718097877
2024-07-19_10,5,ridge,template,0.6554749927974642,0.6833162087325146,0.6554749927974642,0.1578220310178408,0.19306365513410775
2024-07-19_10,5,ridge,mean_shift,0.17306673699831632,0.2471506555227392,0.15430447690063312,0.1578220310178408,0.19306365513410775
2024-07-19_10,5,ridge,full_map,0.15446382022582017,0.19889690300337104,0.15430447690062848,0.10017339337714663,0.12549942801764397
2024-07-19_01,5,pls,template,0.5911991645059064,0.6351513075563439,0.5911991645059064,0.16409534991373195,0.23216531045367553
2024-07-19_01,5,pls,mean_shift,0.15136076572297663,0.26906916079404375,0.13600544809807957,0.16409534991373476,0.23216531045367553
2024-07-19_01,5,pls,full_map,0.13969490689514677,0.21811135089587627,0.13600544809808485,0.0966429271322764,0.17051416210175388
2024-07-19_02,5,pls,template,0.06558046672428643,0.09016291469180654,0.005049150100835188,0.06401484078350538,0.09002142672153791
2024-07-19_02,5,pls,mean_shift,0.23487473022505706,0.2461162908274026,0.22906193778464679,0.06401484078350538,0.09002142672153791
2024-07-19_02,5,pls,full_map,0.23608607448057867,0.24100429282935804,0.2290619377846416,0.042951014262418825,0.07492461425008423
2024-07-19_03,5,pls,template,0.13242362431575924,0.14127272735179489,0.13241152405646797,0.034085121989907485,0.04924603324591717
2024-07-19_03,5,pls,mean_shift,0.11563162786601294,0.12245457281882453,0.11211579109912582,0.034085121989907485,0.04924603324591717
2024-07-19_03,5,pls,full_map,0.11674819508046788,0.13687293241809895,0.11211579109912119,0.05838098304916189,0.07851273154684975
2024-07-19_04,5,pls,template,0.3706997118985877,0.38859898723089475,0.3706997118985877,0.0947807826647123,0.11658000032244457
2024-07-19_04,5,pls,mean_shift,0.160759809364968,0.19858150161140897,0.160759809364968,0.0947807826647123,0.11658000032244457
2024-07-19_04,5,pls,full_map,0.16075980936496376,0.18378489001028867,0.16075980936496376,0.07157388046808541,0.08906834167668333
2024-07-19_05,5,pls,template,0.22371953327571312,0.25421046349624776,0.22371319504465537,0.09650209666611671,0.12072848095577568
2024-07-19_05,5,pls,mean_shift,0.106628700526035,0.1545492110734133,0.09648882074896224,0.09650209666611671,0.12072848095577568
2024-07-19_05,5,pls,full_map,0.10108111651795924,0.14369247782050137,0.09648882074895777,0.0838271777254875,0.10647739503139049
2024-07-19_06,5,pls,template,0.35289072313454306,0.38015920390759445,0.35289072313454306,0.1127618560205131,0.14138301822084312
2024-07-19_06,5,pls,mean_shift,0.17433856913920945,0.22446178857601168,0.17433856913920945,0.1127618560205131,0.14138301822084312
2024-07-19_06,5,pls,full_map,0.1743385691392052,0.20134558363162544,0.1743385691392052,0.07594949700375868,0.10072788768982718
2024-07-19_07,5,pls,template,0.4546379141457789,0.47943811739804987,0.4546379141457789,0.12347317193180278,0.15220143046424262
2024-07-19_07,5,pls,mean_shift,0.12351295655533726,0.1522016135181527,0.0002360554329771351,0.12347317193180159,0.15220143046424262
2024-07-19_07,5,pls,full_map,0.04840630163830232,0.07030376893151968,0.0002360554329811269,0.04837712624770949,0.07030337263466863
2024-07-19_08,5,pls,template,0.5120738692019584,0.5363628616758322,0.5120738692019584,0.1297764261829167,0.1595790458225123
2024-07-19_08,5,pls,mean_shift,0.14280303817948922,0.20369298276061643,0.12659130839158467,0.1297764261829167,0.1595790458225123
2024-07-19_08,5,pls,full_map,0.12670811613831856,0.16609814877193368,0.12659130839158098,0.08573353856440387,0.10753248655718445
2024-07-19_09,5,pls,template,0.44858398156150947,0.48884623828577684,0.44858398156150947,0.15908012974274985,0.19427572203591958
2024-07-19_09,5,pls,mean_shift,0.25926569845485836,0.32397802173583234,0.25926569845485836,0.15908012974274985,0.19427572203591958
2024-07-19_09,5,pls,full_map,0.2592656984548548,0.276656270147692,0.2592656984548548,0.07429176355052496,0.09654009227646826
2024-07-19_10,5,pls,template,0.6554749927974642,0.6833162087325146,0.6554749927974642,0.1578220310178408,0.19306365513410775
2024-07-19_10,5,pls,mean_shift,0.1519424299296387,0.20641525396908367,0.07303206239303131,0.1578220310178408,0.19306365513410775
2024-07-19_10,5,pls,full_map,0.09188415822755439,0.13216749916690246,0.07303206239302716,0.08522880298883802,0.1101570047643551
2024-07-19_01,5,gpr,template,0.5911991645059064,0.6351513075563439,0.5911991645059064,0.16409534991373195,0.23216531045367553
2024-07-19_01,5,gpr,mean_shift,0.17623842642574086,0.29004707503395594,0.17385791427974084,0.16409534991373195,0.23216531045367553
2024-07-19_01,5,gpr,full_map,0.17385791427974612,0.24233370816294952,0.17385791427974612,0.11860378340258025,0.16881662167660516
2024-07-19_02,5,gpr,template,0.06558046672428643,0.09016291469180654,0.005049150100835188,0.06401484078350538,0.09002142672153791
2024-07-19_02,5,gpr,mean_shift,0.2643395974430274,0.27439142285150797,0.2592041582719957,0.06401484078350538,0.09002142672153791
2024-07-19_02,5,gpr,full_map,0.2807363995525322,0.29451139689858724,0.25920415827199,0.05522506800347012,0.13982191258049065
2024-07-19_03,5,gpr,template,0.13242362431575924,0.14127272735179489,0.13241152405646797,0.034085121989907485,0.04924603324591717
2024-07-19_03,5,gpr,mean_shift,0.172423272556826,0.17719377540212533,0.17021299084030236,0.03408512198990629,0.04924603324591717
2024-07-19_03,5,gpr,full_map,0.17204479611762527,0.20577019957315648,0.17021299084029687,0.08749090513972638,0.11562401472694876
2024-07-19_04,5,gpr,template,0.3706997118985877,0.38859898723089475,0.3706997118985877,0.0947807826647123,0.11658000032244457
2024-07-19_04,5,gpr,mean_shift,0.10497906718804305,0.155175954710001,0.10241425899248165,0.09478078266471014,0.11658000032244457
2024-07-19_04,5,gpr,full_map,0.13922344277477566,0.22503562322443016,0.1024142589924775,0.07701179275821529,0.2003805162061158
2024-07-19_05,5,gpr,template,0.22371953327571312,0.25421046349624776,0.22371319504465537,0.09650209666611671,0.12072848095577568
2024-07-19_05,5,gpr,mean_shift,0.24497960455041867,0.2731123811905432,0.24497960455041867,0.09650209666611671,0.12072848095577568
2024-07-19_05,5,gpr,full_map,0.24497960455041348,0.26668665785783346,0.24497960455041348,0.08296354685756696,0.10538864660723257
2024-07-19_06,5,gpr,template,0.35289072313454306,0.38015920390759445,0.35289072313454306,0.1127618560205131,0.14138301822084312
2024-07-19_06,5,gpr,mean_shift,0.17529172243806837,0.22520289917436687,0.17529172243806837,0.11276185602051142,0.1413830182208431
2024-07-19_06,5,gpr,full_map,0.1752917224380639,0.18598981674808987,0.1752917224380639,0.04473718649051761,0.062169317019610426
2024-07-19_07,5,gpr,template,0.4546379141457789,0.47943811739804987,0.4546379141457789,0.12347317193180278,0.15220143046424262
2024-07-19_07,5,gpr,mean_shift,0.12214505808278471,0.15240528887146354,0.007880142170834634,0.12347317193180278,0.15220143046424262
2024-07-19_07,5,gpr,full_map,0.04928232241484944,0.07507205858520935,0.007880142170829925,0.050629888764532414,0.07465733279182032
2024-07-19_08,5,gpr,template,0.5120738692019584,0.5363628616758322,0.5120738692019584,0.1297764261829167,0.1595790458225123
2024-07-19_08,5,gpr,mean_shift,0.1689917269597995,0.23098540676223533,0.16699936009306088,0.1297764261829167,0.1595790458225123
2024-07-19_08,5,gpr,full_map,0.1669993600930565,0.1847076269028857,0.1669993600930565,0.062025689316409074,0.07891844628859139
2024-07-19_09,5,gpr,template,0.44858398156150947,0.48884623828577684,0.44858398156150947,0.15908012974274985,0.19427572203591958
2024-07-19_09,5,gpr,mean_shift,0.2581010350004548,0.32304674652576815,0.2581010350004548,0.15908012974274835,0.1942757220359196
2024-07-19_09,5,gpr,full_map,0.2581010350004506,0.2985358332171278,0.2581010350004506,0.12246356544951845,0.150024996071791
2024-07-19_10,5,gpr,template,0.6554749927974642,0.6833162087325146,0.6554749927974642,0.1578220310178408,0.19306365513410775
2024-07-19_10,5,gpr,mean_shift,0.16402685617342347,0.23445991311658726,0.13303336395391932,0.1578220310178408,0.19306365513410775
2024-07-19_10,5,gpr,full_map,0.13303336395391516,0.15771370769914586,0.13303336395391516,0.06569113038697937,0.0847097259546787
2024-08-01_01,6,ridge,template,0.13164242146296776,0.1849389136464223,0.11663811052510908,0.08659832066142921,0.14351986954373697
2024-08-01_01,6,ridge,mean_shift,0.10206982789358189,0.14863826044444253,0.0386701372392011,0.08659832066142921,0.14351986954373697
2024-08-01_01,6,ridge,full_map,0.07639772812972986,0.1474017733969764,0.03867013723920581,0.05402867547853698,0.1422388951253298
2024-08-01_02,6,ridge,template,0.5562021554689293,0.5754914646223513,0.5562021554689293,0.12131501588389403,0.1477483945932955
2024-08-01_02,6,ridge,mean_shift,0.21439418380880643,0.2593668522489621,0.21317029797942955,0.12131501588389282,0.1477483945932955
2024-08-01_02,6,ridge,full_map,0.21317029797942483,0.2670790066236779,0.21317029797942483,0.08737091412897849,0.16090251656967272
2024-08-01_03,6,ridge,template,0.4313414813116261,0.4435460272516188,0.4313414813116261,0.08017931306343988,0.10333249629514359
2024-08-01_03,6,ridge,mean_shift,0.5657510445839755,0.575110293107718,0.5657510445839755,0.0801793130634382,0.10333249629514359
2024-08-01_03,6,ridge,full_map,0.5657510445839701,0.5787933253017417,0.5657510445839701,0.07647696188285165,0.1221780216159779
2024-08-01_04,6,ridge,template,0.25752912176106435,0.26758038024776243,0.25752912176106435,0.05265136900360505,0.07264992318311163
2024-08-01_04,6,ridge,mean_shift,0.42146476459324334,0.42768044043672376,0.42146476459324334,0.05265136900360689,0.07264992318311164
2024-08-01_04,6,ridge,full_map,0.4214647645932383,0.4313482632122006,0.4214647645932383,0.06790052879566731,0.0918083677153021
2024-08-01_05,6,ridge,template,0.054959550561797806,0.07123196744692517,0.0546426049071313,0.026464810926264615,0.04569659632098388
2024-08-01_05,6,ridge,mean_shift,0.06086749356386131,0.07608083656394063,0.06082856875635073,0.026464810926264615,0.04569659632098388
2024-08-01_05,6,ridge,full_map,0.061963347478088945,0.0750713982965693,0.0608285687563457,0.031900617895180554,0.04399545505227412
2024-08-01_06,6,ridge,template,0.40718997936253143,0.4130433501269445,0.40718997936253143,0.04851109811428803,0.06929018538603332
2024-08-01_06,6,ridge,mean_shift,0.05907823246874308,0.0751968973357902,0.029213756658439272,0.048511098114288914,0.06929018538603332
2024-08-01_06,6,ridge,full_map,0.038066370334982016,0.07525563004270704,0.029213756658434325,0.030417717659580578,0.06935392040127633
2024-08-01_07,6,ridge,template,0.6956146984636548,1.8201448466955776,0.6956146984636548,0.35840100842760636,1.6819772454566044
2024-08-01_07,6,ridge,mean_shift,0.3053747345769679,1.6831027363891053,0.06154158761932821,0.35840100842760636,1.6819772454566044
2024-08-01_07,6,ridge,full_map,0.2917461681031933,1.671157600079282,0.06154158761933339,0.35190479869737085,1.6700240588973676
2024-08-01_08,6,ridge,template,0.3451079568906214,0.3598156203246418,0.3451079568906214,0.08023199915491966,0.10182228989954904
2024-08-01_08,6,ridge,mean_shift,0.16725944219703617,0.18510528104084403,0.15458391361594534,0.08023199915491966,0.10182228989954904
2024-08-01_08,6,ridge,full_map,0.15526461731516444,0.1599767479700549,0.15458391361594015,0.028407994566762875,0.04118705551813607
2024-08-01_09,6,ridge,template,0.43775514790185716,0.45822058103258806,0.43775514790185716,0.10939490993973777,0.1354124490852512
2024-08-01_09,6,ridge,mean_shift,0.12157165391620212,0.14498265597937474,0.051801922431199146,0.10939490993973786,0.1354124490852512
2024-08-01_09,6,ridge,full_map,0.08649762237137258,0.09946008258876837,0.05180192243119324,0.06921801449905482,0.08490505792352575
2024-08-01_10,6,ridge,template,0.4694124512726433,0.48151328456635123,0.4694124512726433,0.08774488224275988,0.10727065677101173
2024-08-01_10,6,ridge,mean_shift,0.09703602617803238,0.11322284275905097,0.03622731453415464,0.08774488224276092,0.10727065677101175
2024-08-01_10,6,ridge,full_map,0.05581818639425969,0.06305062960367037,0.03622731453414913,0.041831788850547044,0.0516039104629006
2024-08-01_01,6,pls,template,0.13164242146296776,0.1849389136464223,0.11663811052510908,0.08659832066142921,0.14351986954373697
2024-08-01_01,6,pls,mean_shift,0.09375812263057957,0.15551963351156672,0.059903284164732895,0.08659832066143025,0.143519869543737
2024-08-01_01,6,pls,full_map,0.09612888431590018,0.14412809314240033,0.05990328416472866,0.07701564578916946,0.13108967838523441
2024-08-01_02,6,pls,template,0.5562021554689293,0.5754914646223513,0.5562021554689293,0.12131501588389403,0.1477483945932955
2024-08-01_02,6,pls,mean_shift,0.14111961157020628,0.19363502802212595,0.1251596419467288,0.12131501588389282,0.1477483945932955
2024-08-01_02,6,pls,full_map,0.1288645666389129,0.16326554995607342,0.1251596419467239,0.08154697530847348,0.10483655769924428
2024-08-01_03,6,pls,template,0.4313414813116261,0.4435460272516188,0.4313414813116261,0.08017931306343988,0.10333249629514359
2024-08-01_03,6,pls,mean_shift,0.5213797031051037,0.5315208364688557,0.5213797031051037,0.08017931306343988,0.10333249629514359
2024-08-01_03,6,pls,full_map,0.5213797031050986,0.5302375141725927,0.5213797031050986,0.07392413073870825,0.09651438559079992
2024-08-01_04,6,pls,template,0.25752912176106435,0.26758038024776243,0.25752912176106435,0.05265136900360505,0.07264992318311163
2024-08-01_04,6,pls,mean_shift,0.37726854291940015,0.3841999021538648,0.37726854291940015,0.05265136900360322,0.07264992318311163
2024-08-01_04,6,pls,full_map,0.37726854291939427,0.38935743234530906,0.37726854291939427,0.07568204112026079,0.0962686690777904
2024-08-01_05,6,pls,template,0.054959550561797806,0.07123196744692517,0.0546426049071313,0.026464810926264615,0.04569659632098388
2024-08-01_05,6,pls,mean_shift,0.09527714642918411,0.10566888637158596,0.09527714642918411,0.026464810926264615,0.04569659632098388
2024-08-01_05,6,pls,full_map,0.09527714642917845,0.10734615307625157,0.09527714642917845,0.032013663641869444,0.049451612193971255
2024-08-01_06,6,pls,template,0.40718997936253143,0.4130433501269445,0.40718997936253143,0.04851109811428803,0.06929018538603332
2024-08-01_06,6,pls,mean_shift,0.20252887338800935,0.2136032340718743,0.2020524976711079,0.04851109811428803,0.06929018538603332
2024-08-01_06,6,pls,full_map,0.20205249767110164,0.2101855147894456,0.20205249767110164,0.037334030966181604,0.05790283941374306
2024-08-01_07,6,pls,template,0.6956146984636548,1.8201448466955776,0.6956146984636548,0.35840100842760636,1.6819772454566044
2024-08-01_07,6,pls,mean_shift,0.37959068603760127,1.6821392777029958,0.023347277301016326,0.35840100842760636,1.6819772454566044
2024-08-01_07,6,pls,full_map,0.3754648935952584,1.6734298960639684,0.023347277301010497,0.3526422742111216,1.6732670204373519
2024-08-01_08,6,pls,template,0.3451079568906214,0.3598156203246418,0.3451079568906214,0.08023199915491966,0.10182228989954904
2024-08-01_08,6,pls,mean_shift,0.17436624028095865,0.19201836811303188,0.1627982646480116,0.08023199915491966,0.10182228989954904
2024-08-01_08,6,pls,full_map,0.16320185526146486,0.17288999670867158,0.16279826464800576,0.04632490018267229,0.05820374549393154
2024-08-01_09,6,pls,template,0.43775514790185716,0.45822058103258806,0.43775514790185716,0.10939490993973777,0.1354124490852512
2024-08-01_09,6,pls,mean_shift,0.1528393178722361,0.17691075517461957,0.11384587796309727,0.10939490993973786,0.1354124490852512
2024-08-01_09,6,pls,full_map,0.12146696624793486,0.14353948149153659,0.11384587796309129,0.0726318030018989,0.08742253037788428
2024-08-01_10,6,pls,template,0.4694124512726433,0.48151328456635123,0.4694124512726433,0.08774488224275988,0.10727065677101173
2024-08-01_10,6,pls,mean_shift,0.11199405850111349,0.1291906301361719,0.07199461862456781,0.08774488224276092,0.10727065677101175
2024-08-01_10,6,pls,full_map,0.07401669379152813,0.08393195389995244,0.07199461862456151,0.02953274569426803,0.0431433398633866
2024-08-01_01,6,gpr,template,0.13164242146296776,0.1849389136464223,0.11663811052510908,0.08659832066142921,0.14351986954373697
2024-08-01_01,6,gpr,mean_shift,0.08625709130449709,0.14719237723994866,0.03267480625338237,0.08659832066142817,0.143519869543737
2024-08-01_01,6,gpr,full_map,0.11791064273778118,0.5647698886890201,0.03267480625337686,0.13927023222339058,0.5638238946746692
2024-08-01_02,6,gpr,template,0.5562021554689293,0.5754914646223513,0.5562021554689293,0.12131501588389403,0.1477483945932955
2024-08-01_02,6,gpr,mean_shift,0.11646642491740043,0.15585037847131558,0.0495958906035182,0.12131501588389282,0.1477483945932955
2024-08-01_02,6,gpr,full_map,0.0941279103251536,0.17159155475191185,0.04959589060351357,0.09796236574270267,0.1642677975058492
2024-08-01_03,6,gpr,template,0.4313414813116261,0.4435460272516188,0.4313414813116261,0.08017931306343988,0.10333249629514359
2024-08-01_03,6,gpr,mean_shift,0.4970746443287972,0.5077014938181551,0.4970746443287972,0.08017931306343988,0.10333249629514359
2024-08-01_03,6,gpr,full_map,0.49707464432879245,0.5367248412617854,0.49707464432879245,0.0833190885609957,0.20246074481956533
2024-08-01_04,6,gpr,template,0.25752912176106435,0.26758038024776243,0.25752912176106435,0.05265136900360505,0.07264992318311163
2024-08-01_04,6,gpr,mean_shift,0.46253318856127124,0.4682039746298279,0.46253318856127124,0.05265136900360322,0.07264992318311163
2024-08-01_04,6,gpr,full_map,0.46253318856126613,0.4696185754635617,0.46253318856126613,0.06597708097242752,0.0812690340767826
2024-08-01_05,6,gpr,template,0.054959550561797806,0.07123196744692517,0.0546426049071313,0.026464810926264615,0.04569659632098388
2024-08-01_05,6,gpr,mean_shift,0.19826842603936384,0.20346633057940974,0.19826842603936384,0.02646481092626294,0.045696596320983884
2024-08-01_05,6,gpr,full_map,0.19826842603935857,0.20298386222798703,0.19826842603935857,0.02848761710441933,0.043498040885375816
2024-08-01_06,6,gpr,template,0.40718997936253143,0.4130433501269445,0.40718997936253143,0.04851109811428803,0.06929018538603332
2024-08-01_06,6,gpr,mean_shift,0.24923113458141077,0.25868376105888086,0.24923113458141077,0.04851109811428803,0.06929018538603332
2024-08-01_06,6,gpr,full_map,0.24923113458140525,0.2539840063917447,0.24923113458140525,0.032515577350242235,0.048905184367991836
2024-08-01_07,6,gpr,template,0.6956146984636548,1.8201448466955776,0.6956146984636548,0.35840100842760636,1.6819772454566044
2024-08-01_07,6,gpr,mean_shift,0.4438167400668002,1.6844763122573518,0.09172236544235374,0.3584010084276127,1.6819772454566044
2024-08-01_07,6,gpr,full_map,0.44822446382459835,1.6774958585767785,0.09172236544234791,0.3606244518852745,1.6749863770251696
2024-08-01_08,6,gpr,template,0.3451079568906214,0.3598156203246418,0.3451079568906214,0.08023199915491966,0.10182228989954904
2024-08-01_08,6,gpr,mean_shift,0.1562817791227285,0.17442323068331547,0.1416180944710713,0.08023199915491966,0.10182228989954904
2024-08-01_08,6,gpr,full_map,0.14480352976157254,0.15686935321033135,0.14161809447106552,0.05513067776298585,0.06747080327824813
2024-08-01_09,6,gpr,template,0.43775514790185716,0.45822058103258806,0.43775514790185716,0.10939490993973777,0.1354124490852512
2024-08-01_09,6,gpr,mean_shift,0.1540193954323668,0.17806472396583964,0.1156309411609406,0.10939490993973777,0.1354124490852512
2024-08-01_09,6,gpr,full_map,0.12363652729559337,0.15079729664000263,0.11563094116093461,0.08215415918329053,0.09679519678253373
2024-08-01_10,6,gpr,template,0.4694124512726433,0.48151328456635123,0.4694124512726433,0.08774488224275988,0.10727065677101173
2024-08-01_10,6,gpr,mean_shift,0.18925463603573872,0.20955507298966045,0.18001759583890045,0.08774488224276092,0.10727065677101175
2024-08-01_10,6,gpr,full_map,0.18219649925506667,0.19095285580390933,0.18001759583889476,0.04981822635555201,0.06369190158923604
2024-08-05_01,7,ridge,template,0.17558244143972565,0.22490784064407265,0.17558244143972565,0.10235268060230668,0.14055014422349374
2024-08-05_01,7,ridge,mean_shift,0.26950345993673613,0.2841851403938492,0.24699564971761526,0.1023526806023034,0.14055014422349374
2024-08-05_01,7,ridge,full_map,0.26054761322022335,0.2722159611818226,0.24699564971761748,0.07296583064688514,0.1144319821672051
2024-08-05_02,7,ridge,template,0.4557015425633211,0.47401232228041984,0.4557015425633211,0.1003050351030002,0.13047523051938334
2024-08-05_02,7,ridge,mean_shift,0.0944391071233639,0.13261915754974035,0.023749845686164516,0.1003050351030002,0.13047523051938334
2024-08-05_02,7,ridge,full_map,0.06446617230337301,0.10380624911360836,0.023749845686162042,0.06972693081201442,0.10105286826666528
2024-08-05_03,7,ridge,template,0.04202702342410998,0.06804173083845862,0.03345996952961324,0.03996873019371637,0.059246160842459684
2024-08-05_03,7,ridge,mean_shift,0.26738994656174647,0.27387495522019584,0.26738994656174647,0.03996873019371637,0.059246160842459684
2024-08-05_03,7,ridge,full_map,0.26738994656174336,0.30992190809341774,0.26738994656174336,0.07832259555633055,0.1566978161748685
2024-08-05_04,7,ridge,template,0.09940165682727083,0.11078974725675121,0.09879030660826499,0.028446070197440408,0.05014821449922028
2024-08-05_04,7,ridge,mean_shift,0.2591041253007232,0.2639124687568071,0.2591041253007232,0.028446070197440408,0.05014821449922028
2024-08-05_04,7,ridge,full_map,0.25910412530071986,0.26849755844582773,0.25910412530071986,0.03349185530366583,0.07039880072500919
2024-08-05_05,7,ridge,template,0.1114529994286806,0.13460330191208433,0.10992654732431928,0.0599024613824204,0.07768013310358009
2024-08-05_05,7,ridge,mean_shift,0.1042393027060655,0.11508970298176688,0.08492017812888408,0.05990246138242224,0.07768013310358009
2024-08-05_05,7,ridge,full_map,0.09025304038483843,0.11965781327547878,0.08492017812888032,0.04127270617704809,0.08430038923058768
2024-08-05_06,7,ridge,template,0.28889621024566775,0.3035263057714639,0.28889621024566775,0.07186190281572652,0.09309778730433457
2024-08-05_06,7,ridge,mean_shift,0.11407839757620819,0.1456627780179069,0.1120287771018273,0.07186190281572652,0.09309778730433457
2024-08-05_06,7,ridge,full_map,0.1302149651586464,0.15703139604517008,0.1120287771018305,0.04611699819520358,0.11003823174226052
2024-08-05_01,7,pls,template,0.17558244143972565,0.22490784064407265,0.17558244143972565,0.10235268060230668,0.14055014422349374
2024-08-05_01,7,pls,mean_shift,0.1766553167599756,0.19079050477396298,0.12902198909743526,0.10235268060230013,0.14055014422349374
2024-08-05_01,7,pls,full_map,0.15908732850929763,0.1756884106633716,0.12902198909743773,0.07517202537115476,0.11924656796219406
2024-08-05_02,7,pls,template,0.4557015425633211,0.47401232228041984,0.4557015425633211,0.1003050351030002,0.13047523051938334
2024-08-05_02,7,pls,mean_shift,0.10092655563771821,0.13048917215446482,0.0019074250893111203,0.10030503510299789,0.13047523051938337
2024-08-05_02,7,pls,full_map,0.06268109902453657,0.09092659226332243,0.0019074250893137549,0.06222967397943431,0.09090658342578464
2024-08-05_03,7,pls,template,0.04202702342410998,0.06804173083845862,0.03345996952961324,0.03996873019371637,0.059246160842459684
2024-08-05_03,7,pls,mean_shift,0.3153864921539307,0.32090301807202126,0.3153864921539307,0.0399687301937147,0.059246160842459684
2024-08-05_03,7,pls,full_map,0.3153864921539277,0.35369651886227516,0.3153864921539277,0.11639345483236696,0.160101805180742
2024-08-05_04,7,pls,template,0.09940165682727083,0.11078974725675121,0.09879030660826499,0.028446070197440408,0.05014821449922028
2024-08-05_04,7,pls,mean_shift,0.18823972425157348,0.19480512622559046,0.18823972425157348,0.028446070197438094,0.05014821449922028
2024-08-05_04,7,pls,full_map,0.18823972425157046,0.20501905156467365,0.18823972425157046,0.046984342807084606,0.08123187624431086
2024-08-05_05,7,pls,template,0.1114529994286806,0.13460330191208433,0.10992654732431928,0.0599024613824204,0.07768013310358009
2024-08-05_05,7,pls,mean_shift,0.0975060082921984,0.10810661974108786,0.07518535863354148,0.05990246138242224,0.07768013310358009
2024-08-05_05,7,pls,full_map,0.08266332488115093,0.11928061006691601,0.07518535863353827,0.04672082736293408,0.09260143511351156
2024-08-05_06,7,pls,template,0.28889621024566775,0.3035263057714639,0.28889621024566775,0.07186190281572652,0.09309778730433457
2024-08-05_06,7,pls,mean_shift,0.11077701627228616,0.14308160916885465,0.1086515019748266,0.07186190281572803,0.09309778730433457
2024-08-05_06,7,pls,full_map,0.12691229969881543,0.1484565782634422,0.10865150197483012,0.032313079525034864,0.10116425627810953
2024-08-05_01,7,gpr,template,0.17558244143972565,0.22490784064407265,0.17558244143972565,0.10235268060230668,0.14055014422349374
2024-08-05_01,7,gpr,mean_shift,0.3292862141480161,0.34579356168637954,0.31594120380619406,0.1023526806023034,0.14055014422349374
2024-08-05_01,7,gpr,full_map,0.3292862141480187,0.34579356168638176,0.31594120380619695,0.10235268060230356,0.14055014422349277
2024-08-05_02,7,gpr,template,0.4557015425633211,0.47401232228041984,0.4557015425633211,0.1003050351030002,0.13047523051938334
2024-08-05_02,7,gpr,mean_shift,0.1019725004609108,0.1596723023159527,0.09204052557319937,0.10030503510299789,0.13047523051938337
2024-08-05_02,7,gpr,full_map,0.10197250046090792,0.1596723023159498,0.0920405255731965,0.10030503510299789,0.13047523051938187
2024-08-05_03,7,gpr,template,0.04202702342410998,0.06804173083845862,0.03345996952961324,0.03996873019371637,0.059246160842459684
2024-08-05_03,7,gpr,mean_shift,0.2824040475579222,0.2885518214319012,0.2824040475579222,0.03996873019371637,0.059246160842459684
2024-08-05_03,7,gpr,full_map,0.28240404755791937,0.2885518214318982,0.28240404755791937,0.03996873019371518,0.059246160842459025
2024-08-05_04,7,gpr,template,0.09940165682727083,0.11078974725675121,0.09879030660826499,0.028446070197440408,0.05014821449922028
2024-08-05_04,7,gpr,mean_shift,0.3018986808559346,0.3060353850782835,0.3018986808559346,0.028446070197440408,0.05014821449922028
2024-08-05_04,7,gpr,full_map,0.3018986808559317,0.30603538507828054,0.3018986808559317,0.02844607019744009,0.05014821449921966
2024-08-05_05,7,gpr,template,0.1114529994286806,0.13460330191208433,0.10992654732431928,0.0599024613824204,0.07768013310358009
2024-08-05_05,7,gpr,mean_shift,0.12591654032521557,0.13759819597150116,0.11357403072719452,0.05990246138242224,0.07768013310358009
2024-08-05_05,7,gpr,full_map,0.12591654032521413,0.1375981959714997,0.11357403072719163,0.05990246138242208,0.0776801331035817
2024-08-05_06,7,gpr,template,0.28889621024566775,0.3035263057714639,0.28889621024566775,0.07186190281572652,0.09309778730433457
2024-08-05_06,7,gpr,mean_shift,0.0722569611777155,0.09311617736161958,0.0018505365377304189,0.07186190281572803,0.09309778730433457
2024-08-05_06,7,gpr,full_map,0.07225696117771599,0.09311617736162081,0.0018505365377275448,0.0718619028157285,0.09309778730433585
2024-08-07_01,8,ridge,template,0.0980802938634403,0.16565449915317293,0.0838613828867759,0.09920271488642904,0.14285895684207603
2024-08-07_01,8,ridge,mean_shift,0.15427214377095647,0.16950792345169619,0.09123735289288017,0.09920271488642593,0.14285895684207603
2024-08-07_01,8,ridge,full_map,0.1314738537921042,0.16454632369743405,0.09123735289287634,0.06494909813031816,0.13693516012858603
2024-08-07_02,8,ridge,template,0.23725239412273105,0.257669496054271,0.23725239412273105,0.07748577665990161,0.10052298582858686
2024-08-07_02,8,ridge,mean_shift,0.13410948870880582,0.1676013891399221,0.13410948870880582,0.07748577665990161,0.10052298582858686
2024-08-07_02,8,ridge,full_map,0.13410948870880973,0.18796165882713212,0.13410948870880973,0.07445746935893138,0.1316974951443984
2024-08-07_03,8,ridge,template,0.05808319792566951,0.07818216414655547,0.05774003457216896,0.03490351878647809,0.05271185064332003
2024-08-07_03,8,ridge,mean_shift,0.06392965924517872,0.08269759338172612,0.06372089730132206,0.034903518786476094,0.05271185064332003
2024-08-07_03,8,ridge,full_map,0.06475708685570576,0.141806934697492,0.06372089730132549,0.05055513496700921,0.12668407151419112
2024-08-07_04,8,ridge,template,0.16452542783059618,0.17128460264576342,0.16452542783059618,0.02641518456294414,0.04764240443844491
2024-08-07_04,8,ridge,mean_shift,0.07878624888971243,0.09146443860750329,0.07807653187167948,0.026415184562941507,0.047642404438444905
2024-08-07_04,8,ridge,full_map,0.07807653187168284,0.08823538354964293,0.07807653187168284,0.028710470100858712,0.04110399105978264
2024-08-07_05,8,ridge,template,0.05248430423509128,0.0850790026104792,0.01993636992221262,0.05746561059695226,0.08271020396250164
2024-08-07_05,8,ridge,mean_shift,0.13007848206244935,0.14480989959636534,0.11886517228183699,0.057465610596954576,0.08271020396250166
2024-08-07_05,8,ridge,full_map,0.12738348165766505,0.14636634846409158,0.11886517228184035,0.051724431465608074,0.08540596455236774
2024-08-07_06,8,ridge,template,0.15984789974070887,0.17381090262414284,0.15861277441659485,0.0519453095471635,0.07107895372675128
2024-08-07_06,8,ridge,mean_shift,0.0764040285564563,0.10073446665096832,0.07138077548307668,0.05194530954716486,0.07107895372675127
2024-08-07_06,8,ridge,full_map,0.08037379408209888,0.0922577772347035,0.07138077548307341,0.03406216926764128,0.0584489722041649
2024-08-07_07,8,ridge,template,0.2609307519446848,0.2733097632516098,0.2609307519446848,0.06275150923057378,0.08132262525418361
2024-08-07_07,8,ridge,mean_shift,0.09829587501998416,0.11274709696195885,0.07809313987231507,0.06275150923057514,0.08132262525418361
2024-08-07_07,8,ridge,full_map,0.07969750851286889,0.1269899156160323,0.07809313987231795,0.03769180254099205,0.10013940369829244
2024-08-07_08,8,ridge,template,0.14769877268798548,0.21662596313030902,0.03057711322385455,0.16376454293844392,0.2144571007195369
2024-08-07_08,8,ridge,mean_shift,0.39142658748269465,0.4150936797367675,0.355402468911487,0.16376454293844017,0.2144571007195369
2024-08-07_08,8,ridge,full_map,0.3797048217530134,0.39721444832890046,0.35540246891148336,0.12511289568551104,0.17739335684533072
2024-08-07_09,8,ridge,template,0.23730577355228985,0.25493533071340774,0.19087120138288743,0.13158284870791176,0.16899765480209428
2024-08-07_09,8,ridge,mean_shift,0.4774078718295322,0.5028724474750228,0.4736248421492603,0.13158284870791176,0.16899765480209428
2024-08-07_09,8,ridge,full_map,0.4736248421492571,0.48957620456571466,0.4736248421492571,0.08561606827168142,0.12395309183744388
2024-08-07_10,8,ridge,template,0.44455659464131403,0.4527863272915481,0.44455659464131403,0.06959895933885414,0.08593539633403308
2024-08-07_10,8,ridge,mean_shift,0.7416620006502739,0.7466240121718926,0.7416620006502739,0.06959895933885414,0.08593539633403308
2024-08-07_10,8,ridge,full_map,0.7416620006502705,0.7500837034008193,0.7416620006502705,0.0925413965590227,0.11208496285820994
2024-08-07_01,8,pls,template,0.0980802938634403,0.16565449915317293,0.0838613828867759,0.09920271488642904,0.14285895684207603
2024-08-07_01,8,pls,mean_shift,0.16133955553520013,0.1753612814175582,0.10170003672763296,0.09920271488642593,0.14285895684207603
2024-08-07_01,8,pls,full_map,0.13122608540947095,0.14501760948484796,0.10170003672762953,0.060550371687891125,0.10337896106219421
2024-08-07_02,8,pls,template,0.23725239412273105,0.257669496054271,0.23725239412273105,0.07748577665990161,0.10052298582858686
2024-08-07_02,8,pls,mean_shift,0.1368979071246809,0.16984083035304565,0.1368979071246809,0.07748577665989993,0.10052298582858686
2024-08-07_02,8,pls,full_map,0.13689790712468375,0.1784485669120848,0.13689790712468375,0.08941908471838436,0.11446769875322149
2024-08-07_03,8,pls,template,0.05808319792566951,0.07818216414655547,0.05774003457216896,0.03490351878647809,0.05271185064332003
2024-08-07_03,8,pls,mean_shift,0.057503435438977644,0.07774517625575392,0.057146944212219816,0.03490351878647809,0.05271185064332003
2024-08-07_03,8,pls,full_map,0.05909054832983405,0.09237362401873653,0.05714694421222325,0.04929535460089588,0.07257487982463312
2024-08-07_04,8,pls,template,0.16452542783059618,0.17128460264576342,0.16452542783059618,0.02641518456294414,0.04764240443844491
2024-08-07_04,8,pls,mean_shift,0.052751929596158494,0.0693667167047828,0.05041768227244523,0.02641518456294414,0.04764240443844491
2024-08-07_04,8,pls,full_map,0.0517092944990597,0.07361539231775384,0.050417682272448666,0.031177444804306093,0.05364031413378586
2024-08-07_05,8,pls,template,0.05248430423509128,0.0850790026104792,0.01993636992221262,0.05746561059695226,0.08271020396250164
2024-08-07_05,8,pls,mean_shift,0.13055218058792478,0.14525966169898535,0.11941269395413975,0.057465610596954576,0.08271020396250166
2024-08-07_05,8,pls,full_map,0.1292807729332478,0.15945780982304003,0.11941269395414271,0.06114858842504158,0.10567592742046342
2024-08-07_06,8,pls,template,0.15984789974070887,0.17381090262414284,0.15861277441659485,0.0519453095471635,0.07107895372675128
2024-08-07_06,8,pls,mean_shift,0.1086217997010895,0.12756439436392053,0.10592665880949985,0.0519453095471635,0.07107895372675128
2024-08-07_06,8,pls,full_map,0.12497887376657493,0.14608113409293813,0.10592665880949698,0.054441128981094815,0.10059443668183339
2024-08-07_07,8,pls,template,0.2609307519446848,0.2733097632516098,0.2609307519446848,0.06275150923057378,0.08132262525418361
2024-08-07_07,8,pls,mean_shift,0.08166028762362383,0.09660671609398978,0.052148712507907244,0.06275150923057378,0.08132262525418361
2024-08-07_07,8,pls,full_map,0.053493237426682286,0.11591732429515571,0.052148712507910124,0.05260027451103435,0.10352457609435373
2024-08-07_08,8,pls,template,0.14769877268798548,0.21662596313030902,0.03057711322385455,0.16376454293844392,0.2144571007195369
2024-08-07_08,8,pls,mean_shift,0.3956049561562076,0.4192361511888585,0.3602320119237293,0.16376454293844017,0.2144571007195369
2024-08-07_08,8,pls,full_map,0.38954083707612575,0.4076475903391692,0.36023201192372584,0.13606995656762255,0.19081261880367287
2024-08-07_09,8,pls,template,0.23730577355228985,0.25493533071340774,0.19087120138288743,0.13158284870791176,0.16899765480209428
2024-08-07_09,8,pls,mean_shift,0.5516597091183284,0.5749803133597918,0.5495836182263046,0.13158284870791176,0.16899765480209428
2024-08-07_09,8,pls,full_map,0.5515305703842542,0.566488519270122,0.5495836182263011,0.09046130398471974,0.13735752269949636
2024-08-07_10,8,pls,template,0.44455659464131403,0.4527863272915481,0.44455659464131403,0.06959895933885414,0.08593539633403308
2024-08-07_10,8,pls,mean_shift,0.8287893928499499,0.8332327106179138,0.8287893928499499,0.06959895933885535,0.08593539633403308
2024-08-07_10,8,pls,full_map,0.8287893928499465,0.8382685653164591,0.8287893928499465,0.10407867872298186,0.12570731839130164
2024-08-07_01,8,gpr,template,0.0980802938634403,0.16565449915317293,0.0838613828867759,0.09920271488642904,0.14285895684207603
2024-08-07_01,8,gpr,mean_shift,0.1805169710231982,0.1929394617543397,0.12968020030848262,0.09920271488642593,0.14285895684207603
2024-08-07_01,8,gpr,full_map,0.14826299406902693,0.15789267898922596,0.1296802003084788,0.05749917657595389,0.09007299110359099
2024-08-07_02,8,gpr,template,0.23725239412273105,0.257669496054271,0.23725239412273105,0.07748577665990161,0.10052298582858686
2024-08-07_02,8,gpr,mean_shift,0.10806184413515432,0.1475880511348553,0.10806184413515432,0.07748577665990161,0.10052298582858686
2024-08-07_02,8,gpr,full_map,0.1109858403916286,0.5307115135065731,0.10806184413515711,0.11885564626583121,0.5195934453113765
2024-08-07_03,8,gpr,template,0.05808319792566951,0.07818216414655547,0.05774003457216896,0.03490351878647809,0.05271185064332003
2024-08-07_03,8,gpr,mean_shift,0.11868674877894751,0.12986563646307933,0.11868674877894751,0.034903518786476094,0.05271185064332003
2024-08-07_03,8,gpr,full_map,0.11905654888797589,0.4299352614448441,0.11868674877895038,0.1044130358439389,0.41322848969780485
2024-08-07_04,8,gpr,template,0.16452542783059618,0.17128460264576342,0.16452542783059618,0.02641518456294414,0.04764240443844491
2024-08-07_04,8,gpr,mean_shift,0.03044048598811751,0.05367721368116105,0.02472740519942738,0.026415184562941507,0.047642404438444905
2024-08-07_04,8,gpr,full_map,0.0440403610745524,0.07333679974856418,0.02472740519943113,0.03215382404057729,0.06904231767158567
2024-08-07_05,8,gpr,template,0.05248430423509128,0.0850790026104792,0.01993636992221262,0.05746561059695226,0.08271020396250164
2024-08-07_05,8,gpr,mean_shift,0.1266445653169075,0.14147772121669444,0.11478226239776809,0.05746561059695226,0.08271020396250164
2024-08-07_05,8,gpr,full_map,0.12961456789782871,0.14642137133082872,0.1147822623977712,0.0605225710957897,0.09090792166389916
2024-08-07_06,8,gpr,template,0.15984789974070887,0.17381090262414284,0.15861277441659485,0.0519453095471635,0.07107895372675128
2024-08-07_06,8,gpr,mean_shift,0.055073390332127,0.0720338676349372,0.011690184924029363,0.0519453095471635,0.07107895372675128
2024-08-07_06,8,gpr,full_map,0.032413468476452045,0.04466877555407563,0.011690184924032157,0.030715389268953886,0.0431119366990433
2024-08-07_07,8,gpr,template,0.2609307519446848,0.2733097632516098,0.2609307519446848,0.06275150923057378,0.08132262525418361
2024-08-07_07,8,gpr,mean_shift,0.07646401470754068,0.09089317669796439,0.04059803187366344,0.06275150923057378,0.08132262525418361
2024-08-07_07,8,gpr,full_map,0.051224317806023746,0.20001307402641508,0.040598031873666875,0.052434294801574424,0.19584950750379979
2024-08-07_08,8,gpr,template,0.14769877268798548,0.21662596313030902,0.03057711322385455,0.16376454293844392,0.2144571007195369
2024-08-07_08,8,gpr,mean_shift,0.5456675406879241,0.5734932342555082,0.5318859292064546,0.16376454293844392,0.2144571007195369
2024-08-07_08,8,gpr,full_map,0.5452171824396105,0.5726791789187841,0.5318859292064515,0.16010713864265377,0.2122705826987863
2024-08-07_09,8,gpr,template,0.23730577355228985,0.25493533071340774,0.19087120138288743,0.13158284870791176,0.16899765480209428
2024-08-07_09,8,gpr,mean_shift,0.9315023479156436,0.9467084194729466,0.9315023479156436,0.131582848707908,0.16899765480209428
2024-08-07_09,8,gpr,full_map,0.9315023479156398,0.9382378916937514,0.9315023479156398,0.08151141650087544,0.11222173246562188
2024-08-07_10,8,gpr,template,0.44455659464131403,0.4527863272915481,0.44455659464131403,0.06959895933885414,0.08593539633403308
2024-08-07_10,8,gpr,mean_shift,0.9287936037610095,0.9327606610114142,0.9287936037610095,0.06959895933885414,0.08593539633403308
2024-08-07_10,8,gpr,full_map,0.9287936037610052,0.9511508602122797,0.9287936037610052,0.16764252972937643,0.20501317151638038
2024-08-21_01,9,ridge,template,0.6324396104868909,0.6768461842950038,0.6324396104868909,0.18951453604342888,0.24112423412402129
2024-08-21_01,9,ridge,mean_shift,0.18633484399179862,0.28770697245079446,0.15695351450320044,0.18951453604342888,0.24112423412402129
2024-08-21_01,9,ridge,full_map,0.15979219985369394,0.19695449608724855,0.156953514503213,0.08766307496784329,0.1189817961457622
2024-08-21_02,9,ridge,template,0.7195351161048685,0.7493536588881702,0.7195351161048685,0.1728561262466848,0.2092847886996125
2024-08-21_02,9,ridge,mean_shift,0.17044510377983724,0.2503073848827917,0.13730864556108824,0.1728561262466868,0.2092847886996125
2024-08-21_02,9,ridge,full_map,0.13997604721864057,0.20367994789591667,0.13730864556110015,0.11917845314340501,0.15043888137399689
2024-08-21_03,9,ridge,template,0.5431665767790258,0.5628660935512216,0.5431665767790258,0.12199377654336402,0.14760863504472635
2024-08-21_03,9,ridge,mean_shift,0.18854515245142178,0.239452675183839,0.18854515245142178,0.12199377654336402,0.14760863504472635
2024-08-21_03,9,ridge,full_map,0.1885451524514337,0.22899151758528985,0.1885451524514337,0.10360032696558619,0.12995322471212378
2024-08-21_04,9,ridge,template,0.32694410486891323,0.3409945337694194,0.32694410486891323,0.07699602474434865,0.09687530310708102
2024-08-21_04,9,ridge,mean_shift,0.1842269422407932,0.20814511908637529,0.1842269422407932,0.07699602474434913,0.09687530310708088
2024-08-21_04,9,ridge,full_map,0.1842269422408049,0.21264690192524724,0.1842269422408049,0.08477566504755957,0.10620328926642925
2024-08-21_05,9,ridge,template,0.12395983520599221,0.13662948163421912,0.12395983520599221,0.04238029440727076,0.057459329158446246
2024-08-21_05,9,ridge,mean_shift,0.1608028651644894,0.1707604636689876,0.1608028651644894,0.04238029440727076,0.057459329158446246
2024-08-21_05,9,ridge,full_map,0.1608028651645009,0.18329929657375102,0.1608028651645009,0.0697194591355168,0.08798335455823032
2024-08-21_06,9,ridge,template,0.30832218726591815,0.3110020682553841,0.30832218726591815,0.02689793039599656,0.04073960356565428
2024-08-21_06,9,ridge,mean_shift,0.03865936784460724,0.05275756307724866,0.03352081686300619,0.026897930395994085,0.04073960356565428
2024-08-21_06,9,ridge,full_map,0.06480732597867564,0.10620365089148114,0.03352081686299469,0.04664177097129971,0.1007748495385489
2024-08-21_07,9,ridge,template,0.14823812734082445,0.16051181064023518,0.14544465917603053,0.043644860329084836,0.0678961889370459
2024-08-21_07,9,ridge,mean_shift,0.044310220116307385,0.06796652796654737,0.003091351104684412,0.0436448603290838,0.0678961889370459
2024-08-21_07,9,ridge,full_map,0.056535383241923094,0.07975963000909407,0.003091351104695749,0.05661387812061539,0.07969969967029408
2024-08-21_08,9,ridge,template,0.22916937827715392,0.23715003216951636,0.22916937827715392,0.04612374195177422,0.06100437540099377
2024-08-21_08,9,ridge,mean_shift,0.12485519954887815,0.1340756697438142,0.11939326362566258,0.04612374195177422,0.06100437540099377
2024-08-21_08,9,ridge,full_map,0.11939326362567398,0.1386646260857668,0.11939326362567398,0.034064129754634444,0.07052040221323065
2024-08-21_10,9,ridge,template,0.31576713108614285,0.3252562902838913,0.31576713108614285,0.05254481370197403,0.07799213610913354
2024-08-21_10,9,ridge,mean_shift,0.09829069762216391,0.11328223320452176,0.08215893782746975,0.05254481370197403,0.07799213610913354
2024-08-21_10,9,ridge,full_map,0.08970203318876992,0.13519521081510197,0.08215893782748092,0.03297738650184548,0.10736691279160439
2024-08-21_01,9,pls,template,0.6324396104868909,0.6768461842950038,0.6324396104868909,0.18951453604342888,0.24112423412402129
2024-08-21_01,9,pls,mean_shift,0.17383050742430878,0.25683592318720194,0.08845221963029798,0.18951453604342888,0.24112423412402129
2024-08-21_01,9,pls,full_map,0.10519989585039964,0.14351145588658817,0.08845221963031068,0.06771028648316606,0.11301213568975424
2024-08-21_02,9,pls,template,0.7195351161048685,0.7493536588881702,0.7195351161048685,0.1728561262466848,0.2092847886996125
2024-08-21_02,9,pls,mean_shift,0.16957187523945533,0.2096731988458445,0.012756470248764038,0.1728561262466848,0.2092847886996125
2024-08-21_02,9,pls,full_map,0.10246076635591718,0.13552875135374914,0.012756470248776092,0.10581699154193111,0.1349270725625456
2024-08-21_03,9,pls,template,0.5431665767790258,0.5628660935512216,0.5431665767790258,0.12199377654336402,0.14760863504472635
2024-08-21_03,9,pls,mean_shift,0.11715938759708558,0.16858672234086686,0.08144429881746985,0.12199377654336402,0.14760863504472635
2024-08-21_03,9,pls,full_map,0.10237858948176039,0.14889472318884528,0.08144429881748126,0.10210280567388595,0.12464535604510776
2024-08-21_04,9,pls,template,0.32694410486891323,0.3409945337694194,0.32694410486891323,0.07699602474434865,0.09687530310708102
2024-08-21_04,9,pls,mean_shift,0.11768488834098753,0.15242885978685114,0.11768488834098753,0.07699602474435033,0.09687530310708102
2024-08-21_04,9,pls,full_map,0.11897486650328683,0.16890334317193428,0.1176848883409991,0.09740150846483686,0.12115529864938954
2024-08-21_05,9,pls,template,0.12395983520599221,0.13662948163421912,0.12395983520599221,0.04238029440727076,0.057459329158446246
2024-08-21_05,9,pls,mean_shift,0.1678825698096397,0.1774433198326362,0.1678825698096397,0.04238029440727227,0.057459329158446246
2024-08-21_05,9,pls,full_map,0.16788256980965088,0.20690799125782824,0.16788256980965088,0.09240851868067915,0.12093948734990251
2024-08-21_06,9,pls,template,0.30832218726591815,0.3110020682553841,0.30832218726591815,0.02689793039599656,0.04073960356565428
2024-08-21_06,9,pls,mean_shift,0.025573221482731244,0.042127048606799916,0.010722542871586539,0.02689793039599656,0.04073960356565428
2024-08-21_06,9,pls,full_map,0.08087590089100305,0.10948528854249355,0.010722542871575362,0.07771166966522905,0.10895896237391535
2024-08-21_07,9,pls,template,0.14823812734082445,0.16051181064023518,0.14544465917603053,0.043644860329084836,0.0678961889370459
2024-08-21_07,9,pls,mean_shift,0.04656657471496629,0.07186952398188522,0.02356556821313125,0.0436448603290838,0.0678961889370459
2024-08-21_07,9,pls,full_map,0.08474406484272849,0.1173696135934217,0.023565568213119996,0.07743037614515075,0.11497952074113854
2024-08-21_08,9,pls,template,0.22916937827715392,0.23715003216951636,0.22916937827715392,0.04612374195177422,0.06100437540099377
2024-08-21_08,9,pls,mean_shift,0.11299366268845737,0.12202650292385189,0.10568317556621518,0.04612374195177238,0.06100437540099376
2024-08-21_08,9,pls,full_map,0.10568317556622635,0.13572833618737684,0.10568317556622635,0.05453720962102469,0.0851660005309147
2024-08-21_10,9,pls,template,0.31576713108614285,0.3252562902838913,0.31576713108614285,0.05254481370197403,0.07799213610913354
2024-08-21_10,9,pls,mean_shift,0.08075608021295977,0.09743591615537008,0.05840363398086368,0.05254481370197403,0.07799213610913354
2024-08-21_10,9,pls,full_map,0.0672648682044296,0.12085127697785059,0.05840363398087454,0.06377545231745187,0.10580192193436375
2024-08-21_01,9,gpr,template,0.6324396104868909,0.6768461842950038,0.6324396104868909,0.18951453604342888,0.24112423412402129
2024-08-21_01,9,gpr,mean_shift,0.19164855950554946,0.2939227730516016,0.16807647139456333,0.18951453604342888,0.24112423412402129
2024-08-21_01,9,gpr,full_map,0.17033880262095644,0.20960826318871228,0.16807647139457554,0.09195129115543227,0.1252434579550441
2024-08-21_02,9,gpr,template,0.7195351161048685,0.7493536588881702,0.7195351161048685,0.1728561262466848,0.2092847886996125
2024-08-21_02,9,gpr,mean_shift,0.16826047244062206,0.2461269905651899,0.12953135799348214,0.1728561262466848,0.2092847886996125
2024-08-21_02,9,gpr,full_map,0.13046219672196138,0.18275949884050754,0.12953135799349452,0.1028298421710949,0.12892890177456193
2024-08-21_03,9,gpr,template,0.5431665767790258,0.5628660935512216,0.5431665767790258,0.12199377654336402,0.14760863504472635
2024-08-21_03,9,gpr,mean_shift,0.15042767133702842,0.2099995756268115,0.14937038737204145,0.12199377654336402,0.14760863504472635
2024-08-21_03,9,gpr,full_map,0.1493703873720539,0.17284242620519547,0.1493703873720539,0.05266210441208011,0.08696546252864411
2024-08-21_04,9,gpr,template,0.32694410486891323,0.3409945337694194,0.32694410486891323,0.07699602474434865,0.09687530310708102
2024-08-21_04,9,gpr,mean_shift,0.09444455497202581,0.10669696933300418,0.04471486232517344,0.07699602474434865,0.09687530310708102
2024-08-21_04,9,gpr,full_map,0.061327674161799975,0.07415674939390683,0.04471486232516154,0.04043363704107581,0.05915914610533649
2024-08-21_05,9,gpr,template,0.12395983520599221,0.13662948163421912,0.12395983520599221,0.04238029440727076,0.057459329158446246
2024-08-21_05,9,gpr,mean_shift,0.3129621204905512,0.3181931227561038,0.3129621204905512,0.04238029440727227,0.057459329158446246
2024-08-21_05,9,gpr,full_map,0.3132566324650887,0.3307649209598154,0.3129621204905626,0.08106637527565261,0.10705206245375898
2024-08-21_06,9,gpr,template,0.30832218726591815,0.3110020682553841,0.30832218726591815,0.02689793039599656,0.04073960356565428
2024-08-21_06,9,gpr,mean_shift,0.08190076760352687,0.08938162880614973,0.07955727665872973,0.026897930395994085,0.04073960356565428
2024-08-21_06,9,gpr,full_map,0.08009911467059004,0.10337781317690829,0.07955727665874067,0.052517049837072005,0.06601221089983542
2024-08-21_07,9,gpr,template,0.14823812734082445,0.16051181064023518,0.14544465917603053,0.043644860329084836,0.0678961889370459
2024-08-21_07,9,gpr,mean_shift,0.21604838810833354,0.22558287548522096,0.2151226190803879,0.0436448603290838,0.0678961889370459
2024-08-21_07,9,gpr,full_map,0.21512261908039915,0.22670915621233534,0.21512261908039915,0.05260251435596458,0.07154928560438989
2024-08-21_08,9,gpr,template,0.22916937827715392,0.23715003216951636,0.22916937827715392,0.04612374195177422,0.06100437540099377
2024-08-21_08,9,gpr,mean_shift,0.07026843597750647,0.07861646545254174,0.04958845452507384,0.04612374195177422,0.06100437540099377
2024-08-21_08,9,gpr,full_map,0.05791237857007391,0.0672979927883289,0.04958845452508494,0.03184300105595543,0.04549730773520068
2024-08-21_10,9,gpr,template,0.31576713108614285,0.3252562902838913,0.31576713108614285,0.05254481370197403,0.07799213610913354
2024-08-21_10,9,gpr,mean_shift,0.062211379302059756,0.08240947288319873,0.02661856356043757,0.05254481370197571,0.07799213610913354
2024-08-21_10,9,gpr,full_map,0.04249718544976948,0.07132258496772523,0.026618563560448984,0.02917277825442367,0.06616920129831341
2024-08-22_01,10,ridge,template,0.6603481407169597,0.6874112756841013,0.6603481407169597,0.14431514960232097,0.19098323222026067
2024-08-22_01,10,ridge,mean_shift,0.137052766120334,0.2229294602285599,0.11499108334344475,0.14431514960232344,0.19098323222026065
2024-08-22_01,10,ridge,full_map,0.1149910833434497,0.14657321367561763,0.1149910833434497,0.06166780234986822,0.09088871062292646
2024-08-22_02,10,ridge,template,0.33524476993044294,0.3611797435178023,0.33524476993044294,0.1046172813677915,0.13439401534990258
2024-08-22_02,10,ridge,mean_shift,0.10453927715272335,0.15452668912558762,0.07626759659413783,0.10461728136779333,0.13439401534990258
2024-08-22_02,10,ridge,full_map,0.0913751260960697,0.14885399444827932,0.0762675965941423,0.08170704107918449,0.12783100317591792
2024-08-22_03,10,ridge,template,0.4801357811663978,0.4907598569454464,0.4801357811663978,0.08037905387126323,0.10156214271493096
2024-08-22_03,10,ridge,mean_shift,0.12927711148016546,0.16440024448127544,0.12927711148016546,0.08037905387126323,0.10156214271493096
2024-08-22_03,10,ridge,full_map,0.12927711148016985,0.14717464908255015,0.12927711148016985,0.05225108807100546,0.07034064102576489
2024-08-22_04,10,ridge,template,0.2650672418405558,0.27663685468394544,0.25205375869448815,0.05919085282642396,0.11400373720807179
2024-08-22_04,10,ridge,mean_shift,0.1681655204936814,0.19021500906506414,0.15226587791168228,0.05919085282642396,0.11400373720807179
2024-08-22_04,10,ridge,full_map,0.1676798167407613,0.18969124890877673,0.15226587791168683,0.06008195973737261,0.11312768156536564
2024-08-22_01,10,pls,template,0.6603481407169597,0.6874112756841013,0.6603481407169597,0.14431514960232097,0.19098323222026067
2024-08-22_01,10,pls,mean_shift,0.13164674306575044,0.19850607197446082,0.05413008055999744,0.14431514960232097,0.19098323222026067
2024-08-22_01,10,pls,full_map,0.07326822702214646,0.11411838766212068,0.054130080560002555,0.061207453109247384,0.10046362914592373
2024-08-22_02,10,pls,template,0.33524476993044294,0.3611797435178023,0.33524476993044294,0.1046172813677915,0.13439401534990258
2024-08-22_02,10,pls,mean_shift,0.09997703458701986,0.14132392598087162,0.043711562460944195,0.1046172813677915,0.13439401534990258
2024-08-22_02,10,pls,full_map,0.07827819067036573,0.11549000341672153,0.04371156246094842,0.0791611617417345,0.1068982703153655
2024-08-22_03,10,pls,template,0.4801357811663978,0.4907598569454464,0.4801357811663978,0.08037905387126323,0.10156214271493096
2024-08-22_03,10,pls,mean_shift,0.09057995915167107,0.13154609886183613,0.08360327321893539,0.08037905387126323,0.10156214271493096
2024-08-22_03,10,pls,full_map,0.08360327321893994,0.10496805229659031,0.08360327321893994,0.04636202175572555,0.06347270838729824
2024-08-22_04,10,pls,template,0.2650672418405558,0.27663685468394544,0.25205375869448815,0.05919085282642396,0.11400373720807179
2024-08-22_04,10,pls,mean_shift,0.17093840880859584,0.19254700678566605,0.15516925508847507,0.059190852826424036,0.11400373720807179
2024-08-22_04,10,pls,full_map,0.17034188150394924,0.1928331750517666,0.15516925508847915,0.06110896816828647,0.1144863995234008
2024-08-22_01,10,gpr,template,0.6603481407169597,0.6874112756841013,0.6603481407169597,0.14431514960232097,0.19098323222026067
2024-08-22_01,10,gpr,mean_shift,0.13251201782817534,0.19552095481132994,0.04187897779359138,0.14431514960232344,0.19098323222026065
2024-08-22_01,10,gpr,full_map,0.12304843923398004,0.18404630889088908,0.041878977793595853,0.13412970256910475,0.17921828878583812
2024-08-22_02,10,gpr,template,0.33524476993044294,0.3611797435178023,0.33524476993044294,0.1046172813677915,0.13439401534990258
2024-08-22_02,10,gpr,mean_shift,0.11026413579739656,0.1626314167756275,0.09158180147047777,0.10461728136779333,0.13439401534990258
2024-08-22_02,10,gpr,full_map,0.16231197328756036,0.8631776769245191,0.09158180147048112,0.19205080214839862,0.8583055840318357
2024-08-22_03,10,gpr,template,0.4801357811663978,0.4907598569454464,0.4801357811663978,0.08037905387126323,0.10156214271493096
2024-08-22_03,10,gpr,mean_shift,0.0890518586202137,0.1299232245463953,0.08102577024431827,0.08037905387126475,0.10156214271493096
2024-08-22_03,10,gpr,full_map,0.08742344873598723,0.09617651517442044,0.08102577024432346,0.039003049045032274,0.05181454069476668
2024-08-22_04,10,gpr,template,0.2650672418405558,0.27663685468394544,0.25205375869448815,0.05919085282642396,0.11400373720807179
2024-08-22_04,10,gpr,mean_shift,0.21359803958255394,0.22969055928665558,0.19940135638457818,0.05919085282642396,0.11400373720807179
2024-08-22_04,10,gpr,full_map,0.21532287539467057,0.23080822372158605,0.19940135638458256,0.06031476026950991,0.11623912942508818
