mode,feedback,policy,budget,lot_macro_system_mae,lot_macro_unmeasured_mae,mean_measured_fraction,mean_high_error_capture,worst_lot_mae,mean_p95_system_error,cumulative_error,mean_updates,mean_update_runtime_seconds,mean_recovery_wafer_count
causal_feedback,F0,combined,0.0,0.17369843616464947,0.17369843616464947,0.0,0.0,0.24808403844580154,0.3401358298846295,10.823399138611117,0.0,0.003855242856973616,2.0
causal_feedback,F0,combined,0.1,0.15186620167195125,0.16903270821277222,0.09682539682539683,0.07142857142857142,0.22335334567855608,0.3079375824068026,9.38722479816639,0.0,0.004226100000388604,2.0
causal_feedback,F0,combined,0.2,0.12894205684041785,0.16134771322540717,0.20555555555555555,0.35714285714285715,0.21043870080542804,0.2625310935765692,8.049790057277889,0.0,0.0036114571427918107,2.0
causal_feedback,F0,combined,0.3,0.1223467644949429,0.1756300022122921,0.30238095238095236,0.14285714285714285,0.18635092056204092,0.28590551253999985,7.5093068719427505,0.0,0.0050856714291772475,2.0
causal_feedback,F0,combined,0.5,0.07602574004300647,0.15023378899699194,0.4920634920634921,0.5,0.1285991814354049,0.2163195325354105,4.792970986955921,0.0,0.004899257142824354,2.0
causal_feedback,F1,combined,0.0,0.17369843616464947,0.17369843616464947,0.0,0.0,0.24808403844580154,0.3401358298846295,10.823399138611117,0.0,0.0034869428571775124,2.0
causal_feedback,F1,combined,0.1,0.151493317378844,0.16861839233154194,0.09682539682539683,0.07142857142857142,0.22074315562680535,0.310820988374032,9.361122897648881,0.8571428571428571,0.003642842857256515,2.0
causal_feedback,F1,combined,0.2,0.1285156974265687,0.1608147639580957,0.20555555555555555,0.35714285714285715,0.20745418490848397,0.2649797386100482,8.019944898308449,1.7142857142857142,0.002958785714456878,2.0
causal_feedback,F1,combined,0.3,0.12145223632042532,0.17444713460110473,0.30238095238095236,0.14285714285714285,0.17819141435037392,0.27635797315241734,7.498860594303752,2.5714285714285716,0.004559357142560267,2.0
causal_feedback,F1,combined,0.5,0.07333404073362527,0.1449466681027607,0.4920634920634921,0.5714285714285714,0.11600561648290822,0.20685107697022123,4.707809529652804,4.142857142857143,0.005277357142923782,2.0
causal_feedback,F2,combined,0.0,0.17369843616464947,0.17369843616464947,0.0,0.0,0.24808403844580154,0.3401358298846295,10.823399138611117,0.0,0.0033108714285065488,2.0
causal_feedback,F2,combined,0.1,0.16355150036942073,0.18201637343218272,0.09682539682539683,0.07142857142857142,0.3051504365608424,0.3297189773584456,10.205195706989253,0.8571428571428571,0.005478857143056562,2.0
causal_feedback,F2,combined,0.2,0.13098343465072143,0.16389943548828662,0.20555555555555555,0.35714285714285715,0.224728345477553,0.26497154025179026,8.19268650399914,1.7142857142857142,0.008223328571537942,2.0
causal_feedback,F2,combined,0.3,0.12154076937271678,0.17448283947902496,0.30238095238095236,0.21428571428571427,0.19613273414663673,0.26958109111258033,7.468669314950507,2.5714285714285716,0.01289637142846394,3.4
causal_feedback,F2,combined,0.5,0.07713737608222114,0.15252968438570616,0.4920634920634921,0.5,0.1329014831716118,0.21325052129958572,4.909066024379148,4.142857142857143,0.019891271428475323,2.0
causal_feedback,F3,combined,0.0,0.17369843616464947,0.17369843616464947,0.0,0.0,0.24808403844580154,0.3401358298846295,10.823399138611117,0.0,0.006114371428598783,2.0
causal_feedback,F3,combined,0.1,0.1595110726334983,0.1775270092811578,0.09682539682539683,0.07142857142857142,0.2768674424093854,0.3270526223510517,9.922365765474682,0.8571428571428571,0.007303228571670063,2.0
causal_feedback,F3,combined,0.2,0.12705150215972674,0.15898451987454326,0.20555555555555555,0.35714285714285715,0.19720481804059026,0.2646528342484558,7.917451229629512,1.7142857142857142,0.011069700000267144,2.0
causal_feedback,F3,combined,0.3,0.11855753581095076,0.1702089280110802,0.30238095238095236,0.2857142857142857,0.17838408793258098,0.26960663617690256,7.263671520766071,2.5714285714285716,0.020365099999773,2.2
causal_feedback,F3,combined,0.5,0.07606319444732047,0.15042216250977455,0.4920634920634921,0.5714285714285714,0.1281611413006996,0.21146981530511844,4.8381662140146355,4.142857142857143,0.03143964285741926,2.2
direct_substitution,F0,combined,0.0,0.17369843616464956,0.17369843616464956,0.0,0.0,0.24808403844580154,0.3401358298846295,10.823399138611121,0.0,0.0,2.0
direct_substitution,F0,combined,0.1,0.15186620167195133,0.16903270821277228,0.09682539682539683,0.07142857142857142,0.22335334567855608,0.3079375824068026,9.387224798166393,0.0,0.0,2.0
direct_substitution,F0,combined,0.2,0.1289420568404179,0.16134771322540725,0.20555555555555555,0.35714285714285715,0.21043870080542804,0.2625310935765692,8.049790057277892,0.0,0.0,2.0
direct_substitution,F0,combined,0.3,0.1223467644949429,0.1756300022122921,0.30238095238095236,0.14285714285714285,0.18635092056204092,0.28590551253999985,7.5093068719427505,0.0,0.0,2.0
direct_substitution,F0,combined,0.5,0.07602574004300647,0.15023378899699194,0.4920634920634921,0.5,0.1285991814354049,0.2163195325354105,4.792970986955921,0.0,0.0,2.0
direct_substitution,F0,disagreement,0.0,0.17369843616464956,0.17369843616464956,0.0,0.0,0.24808403844580154,0.3401358298846295,10.823399138611121,0.0,0.0,2.0
direct_substitution,F0,disagreement,0.1,0.1491286573376356,0.16598262918442194,0.09682539682539683,0.07142857142857142,0.22599019366483725,0.3079375824068026,9.199811697836068,0.0,0.0,2.0
direct_substitution,F0,disagreement,0.2,0.13480574203890824,0.1687158972973398,0.20555555555555555,0.21428571428571427,0.21307554879170923,0.2972909282032963,8.481644342633002,0.0,0.0,2.0
direct_substitution,F0,disagreement,0.3,0.11275538158186763,0.1617980538268986,0.30238095238095236,0.21428571428571427,0.18597535322812747,0.2731777477800755,6.888859403779578,0.0,0.0,2.0
direct_substitution,F0,disagreement,0.5,0.06927496523611629,0.13678822200111324,0.4920634920634921,0.5714285714285714,0.11479697062771144,0.19123508288566682,4.3223761421001665,0.0,0.0,2.0
direct_substitution,F0,no_metrology,0.0,0.17369843616464956,0.17369843616464956,0.0,0.0,0.24808403844580154,0.3401358298846295,10.823399138611121,0.0,0.0,2.0
direct_substitution,F0,no_metrology,0.1,0.17369843616464956,0.17369843616464956,0.0,0.0,0.24808403844580154,0.3401358298846295,10.823399138611121,0.0,0.0,2.0
direct_substitution,F0,no_metrology,0.2,0.17369843616464956,0.17369843616464956,0.0,0.0,0.24808403844580154,0.3401358298846295,10.823399138611121,0.0,0.0,2.0
direct_substitution,F0,no_metrology,0.3,0.17369843616464956,0.17369843616464956,0.0,0.0,0.24808403844580154,0.3401358298846295,10.823399138611121,0.0,0.0,2.0
direct_substitution,F0,no_metrology,0.5,0.17369843616464956,0.17369843616464956,0.0,0.0,0.24808403844580154,0.3401358298846295,10.823399138611121,0.0,0.0,2.0
direct_substitution,F0,ood,0.0,0.17369843616464956,0.17369843616464956,0.0,0.0,0.24808403844580154,0.3401358298846295,10.823399138611121,0.0,0.0,2.0
direct_substitution,F0,ood,0.1,0.15124399511010628,0.1683413675885,0.09682539682539683,0.07142857142857142,0.22599019366483725,0.3079375824068026,9.34367033883724,0.0,0.0,2.0
direct_substitution,F0,ood,0.2,0.14283638981136026,0.17900481309313582,0.20555555555555555,0.0,0.21307554879170923,0.3401358298846295,8.87672918577495,0.0,0.0,2.0
direct_substitution,F0,ood,0.3,0.11652727458937517,0.16718647240905224,0.30238095238095236,0.21428571428571427,0.18597535322812747,0.2964262456820568,7.152891914305107,0.0,0.0,2.0
direct_substitution,F0,ood,0.5,0.08181253750822046,0.16180738392741992,0.4920634920634921,0.5,0.120017060483362,0.24858519954557776,5.1980468095209,0.0,0.0,2.0
direct_substitution,F0,oracle,0.0,0.17369843616464956,0.17369843616464956,0.0,0.0,0.24808403844580154,0.3401358298846295,10.823399138611121,0.0,0.0,2.0
direct_substitution,F0,oracle,0.1,0.13903806363372032,0.1543581522908458,0.09682539682539683,0.42857142857142855,0.20757909975301714,0.28665479707472624,8.626084341749767,0.0,0.0,2.0
direct_substitution,F0,oracle,0.2,0.11417920871045541,0.14311099212940462,0.20555555555555555,0.6428571428571429,0.17212670063588292,0.24414030067468073,7.143517004365821,0.0,0.0,2.0
direct_substitution,F0,oracle,0.3,0.09450603831950341,0.13526290651789324,0.30238095238095236,0.7857142857142857,0.14301080176141387,0.21515626486338943,5.784702633758431,0.0,0.0,2.0
direct_substitution,F0,oracle,0.5,0.0667049276452816,0.13202025468810022,0.4920634920634921,0.5714285714285714,0.11442667704647635,0.19088749510669276,4.032904319189526,0.0,0.0,2.0
direct_substitution,F0,periodic,0.0,0.17369843616464956,0.17369843616464956,0.0,0.0,0.24808403844580154,0.3401358298846295,10.823399138611121,0.0,0.0,2.0
direct_substitution,F0,periodic,0.1,0.1598409698058957,0.17781710329453002,0.09682539682539683,0.0,0.23253114343904085,0.3401358298846295,9.971123589821262,0.0,0.0,2.0
direct_substitution,F0,periodic,0.2,0.1387660438991974,0.17395518430865894,0.20555555555555555,0.07142857142857142,0.20372566780532503,0.3079375824068026,8.613254991130535,0.0,0.0,2.0
direct_substitution,F0,periodic,0.3,0.12426811943061893,0.17817430132710635,0.30238095238095236,0.14285714285714285,0.18896990254391657,0.3029859683555679,7.701662096996994,0.0,0.0,2.0
direct_substitution,F0,periodic,0.5,0.08396929385932542,0.16615081258831346,0.4920634920634921,0.42857142857142855,0.12888682311975647,0.2514576495003899,5.350066812652173,0.0,0.0,2.0
direct_substitution,F0,random,0.0,0.17369843616464956,0.17369843616464956,0.0,0.0,0.24808403844580154,0.3401358298846295,10.823399138611121,0.0,0.0,2.0
direct_substitution,F0,random,0.1,0.15479032839228787,0.17224859006910995,0.09682539682539683,0.07642857142857143,0.22420976497089168,0.32230595451563854,9.6032433117045,0.0,0.0,2.0
direct_substitution,F0,random,0.2,0.13563888133565039,0.169870631792926,0.20555555555555555,0.2292857142857143,0.1982819646966552,0.3016366993753658,8.455424346922815,0.0,0.0,2.0
direct_substitution,F0,random,0.3,0.11980246645457103,0.1720131035345526,0.3023809523809523,0.31428571428571433,0.1753165900165472,0.2884932717575338,7.419517266323331,0.0,0.0,2.0
direct_substitution,F0,random,0.5,0.08319771543490817,0.16474698501716006,0.4920634920634921,0.52,0.12408818491092591,0.2423396825300704,5.17572727229001,0.0,0.0,2.0
direct_substitution,F0,validated_combined,0.0,0.17369843616464956,0.17369843616464956,0.0,0.0,0.24808403844580154,0.3401358298846295,10.823399138611121,0.0,0.0,2.0
direct_substitution,F0,validated_combined,0.1,0.15186620167195133,0.16903270821277228,0.09682539682539683,0.07142857142857142,0.22335334567855608,0.3079375824068026,9.387224798166393,0.0,0.0,2.0
direct_substitution,F0,validated_combined,0.2,0.1289420568404179,0.16134771322540725,0.20555555555555555,0.35714285714285715,0.21043870080542804,0.2625310935765692,8.049790057277892,0.0,0.0,2.0
direct_substitution,F0,validated_combined,0.3,0.1223467644949429,0.1756300022122921,0.30238095238095236,0.14285714285714285,0.18635092056204092,0.28590551253999985,7.5093068719427505,0.0,0.0,2.0
direct_substitution,F0,validated_combined,0.5,0.07602574004300647,0.15023378899699194,0.4920634920634921,0.5,0.1285991814354049,0.2163195325354105,4.792970986955921,0.0,0.0,2.0
ranking_only,F0,combined,0.0,0.17369843616464956,0.17369843616464956,0.0,0.0,0.24808403844580154,0.3401358298846295,10.823399138611121,0.0,0.0,2.0
ranking_only,F0,combined,0.1,0.1557740664983319,0.17329832184168134,0.09682539682539683,0.0,0.22335334567855608,0.3401358298846295,9.686440358291797,0.0,0.0,2.0
ranking_only,F0,combined,0.2,0.1399521921732703,0.17541791732803494,0.20555555555555555,0.07142857142857142,0.19423744680408705,0.3343450912289909,8.700196025665804,0.0,0.0,2.0
ranking_only,F0,combined,0.3,0.11349915584421309,0.1625038961962927,0.30238095238095236,0.2857142857142857,0.17280758013498576,0.2861524911764298,7.0701165428990596,0.0,0.0,2.0
ranking_only,F0,combined,0.5,0.0899700923512978,0.17833240508572562,0.4920634920634921,0.35714285714285715,0.14093766791301413,0.2849032930677197,5.595506213361705,0.0,0.0,2.0
ranking_only,F0,disagreement,0.0,0.17369843616464956,0.17369843616464956,0.0,0.0,0.24808403844580154,0.3401358298846295,10.823399138611121,0.0,0.0,2.0
ranking_only,F0,disagreement,0.1,0.15795108275992412,0.175717228799006,0.09682539682539683,0.0,0.23253114343904085,0.3401358298846295,9.83883149660325,0.0,0.0,2.0
ranking_only,F0,disagreement,0.2,0.13455518318895995,0.16867165609764706,0.20555555555555555,0.07142857142857142,0.19423744680408705,0.3079375824068026,8.322405396764083,0.0,0.0,2.0
ranking_only,F0,disagreement,0.3,0.10966824041943923,0.1570311598751872,0.30238095238095236,0.2857142857142857,0.17280758013498576,0.25918587079734623,6.80195246316489,0.0,0.0,2.0
ranking_only,F0,disagreement,0.5,0.07652797347559381,0.15144816733431768,0.4920634920634921,0.5714285714285714,0.12311439415066643,0.23195278394297797,4.7382636422137825,0.0,0.0,2.0
ranking_only,F0,no_metrology,0.0,0.17369843616464956,0.17369843616464956,0.0,0.0,0.24808403844580154,0.3401358298846295,10.823399138611121,0.0,0.0,2.0
ranking_only,F0,no_metrology,0.1,0.17369843616464956,0.17369843616464956,0.0,0.0,0.24808403844580154,0.3401358298846295,10.823399138611121,0.0,0.0,2.0
ranking_only,F0,no_metrology,0.2,0.17369843616464956,0.17369843616464956,0.0,0.0,0.24808403844580154,0.3401358298846295,10.823399138611121,0.0,0.0,2.0
ranking_only,F0,no_metrology,0.3,0.17369843616464956,0.17369843616464956,0.0,0.0,0.24808403844580154,0.3401358298846295,10.823399138611121,0.0,0.0,2.0
ranking_only,F0,no_metrology,0.5,0.17369843616464956,0.17369843616464956,0.0,0.0,0.24808403844580154,0.3401358298846295,10.823399138611121,0.0,0.0,2.0
ranking_only,F0,ood,0.0,0.17369843616464956,0.17369843616464956,0.0,0.0,0.24808403844580154,0.3401358298846295,10.823399138611121,0.0,0.0,2.0
ranking_only,F0,ood,0.1,0.1598409698058957,0.17781710329453002,0.09682539682539683,0.0,0.23253114343904085,0.3401358298846295,9.971123589821262,0.0,0.0,2.0
ranking_only,F0,ood,0.2,0.13796537957550198,0.17295435390403968,0.20555555555555555,0.14285714285714285,0.20125950089759184,0.3342291423438679,8.55720848847186,0.0,0.0,2.0
ranking_only,F0,ood,0.3,0.10903502330467112,0.1561664686433773,0.30238095238095236,0.35714285714285715,0.1789949750380796,0.27488860255332526,6.753716609780957,0.0,0.0,2.0
ranking_only,F0,ood,0.5,0.0841995299591408,0.1666795472914069,0.4920634920634921,0.5,0.12036942818686251,0.2630985461814143,5.187656190560551,0.0,0.0,2.0
ranking_only,F0,oracle,0.0,0.17369843616464956,0.17369843616464956,0.0,0.0,0.24808403844580154,0.3401358298846295,10.823399138611121,0.0,0.0,2.0
ranking_only,F0,oracle,0.1,0.13474608582743505,0.14958928806163993,0.09682539682539683,0.42857142857142855,0.20757909975301714,0.2630489191401574,8.3256458953098,0.0,0.0,2.0
ranking_only,F0,oracle,0.2,0.10506811184414641,0.1316650815331367,0.20555555555555555,0.9285714285714286,0.17212670063588292,0.19745436033755667,6.516919968346993,0.0,0.0,2.0
ranking_only,F0,oracle,0.3,0.08133008451647443,0.11673514465059,0.30238095238095236,1.0,0.14301080176141387,0.14919391456810596,4.992493779973917,0.0,0.0,2.0
ranking_only,F0,oracle,0.5,0.05283254520612637,0.10427548980978976,0.4920634920634921,1.0,0.09601558313465622,0.1272787936721201,3.2408180344008715,0.0,0.0,2.0
ranking_only,F0,periodic,0.0,0.17369843616464956,0.17369843616464956,0.0,0.0,0.24808403844580154,0.3401358298846295,10.823399138611121,0.0,0.0,2.0
ranking_only,F0,periodic,0.1,0.1598409698058957,0.17781710329453002,0.09682539682539683,0.0,0.23253114343904085,0.3401358298846295,9.971123589821262,0.0,0.0,2.0
ranking_only,F0,periodic,0.2,0.1387660438991974,0.17395518430865894,0.20555555555555555,0.07142857142857142,0.20372566780532503,0.3079375824068026,8.613254991130535,0.0,0.0,2.0
ranking_only,F0,periodic,0.3,0.12426811943061893,0.17817430132710635,0.30238095238095236,0.14285714285714285,0.18896990254391657,0.3029859683555679,7.701662096996994,0.0,0.0,2.0
ranking_only,F0,periodic,0.5,0.08396929385932542,0.16615081258831346,0.4920634920634921,0.42857142857142855,0.12888682311975647,0.2514576495003899,5.350066812652173,0.0,0.0,2.0
ranking_only,F0,validated_combined,0.0,0.17369843616464956,0.17369843616464956,0.0,0.0,0.24808403844580154,0.3401358298846295,10.823399138611121,0.0,0.0,2.0
ranking_only,F0,validated_combined,0.1,0.1557740664983319,0.17329832184168134,0.09682539682539683,0.0,0.22335334567855608,0.3401358298846295,9.686440358291797,0.0,0.0,2.0
ranking_only,F0,validated_combined,0.2,0.1399521921732703,0.17541791732803494,0.20555555555555555,0.07142857142857142,0.19423744680408705,0.3343450912289909,8.700196025665804,0.0,0.0,2.0
ranking_only,F0,validated_combined,0.3,0.11349915584421309,0.1625038961962927,0.30238095238095236,0.2857142857142857,0.17280758013498576,0.2861524911764298,7.0701165428990596,0.0,0.0,2.0
ranking_only,F0,validated_combined,0.5,0.0899700923512978,0.17833240508572562,0.4920634920634921,0.35714285714285715,0.14093766791301413,0.2849032930677197,5.595506213361705,0.0,0.0,2.0
