experiment_key,lot_number,family,stage,mae,rmse,mean_error
2024-07-02_01,1,ridge,template,0.6920004835727498,0.7504100949033217,-0.6853522969705637
2024-07-02_01,1,ridge,mean_shift,0.2527733130374398,0.313467010256999,0.06967084719931904
2024-07-02_01,1,ridge,full_map,0.16191021091127472,0.24275409792522895,0.06967084719931194
2024-07-02_02,1,ridge,template,0.43630285876831243,0.5019599017769464,-0.43630285876831465
2024-07-02_02,1,ridge,mean_shift,0.2009875165816987,0.24888897953878975,-0.018497721841896464
2024-07-02_02,1,ridge,full_map,0.17586991574647048,0.21000848999049274,-0.01849772184190357
2024-07-02_03,1,ridge,template,0.5500478025885371,0.6107820924948041,-0.5500478025885371
2024-07-02_03,1,ridge,mean_shift,0.23044017010120327,0.2935652847497344,-0.12521340595296238
2024-07-02_03,1,ridge,full_map,0.21800516302985248,0.2723364364707903,-0.12521340595296238
2024-07-02_04,1,ridge,template,0.317329554828617,0.38649659737790293,-0.3114208362963993
2024-07-02_04,1,ridge,mean_shift,0.20020874119006135,0.24864640011485148,-0.0970996899322003
2024-07-02_04,1,ridge,full_map,0.19098844081119884,0.2359852825140591,-0.0970996899322003
2024-07-02_05,1,ridge,template,0.20160459394111668,0.25271319665173775,0.15919489404067377
2024-07-02_05,1,ridge,mean_shift,0.16659515727902663,0.19627605227959974,0.0018284488361217655
2024-07-02_05,1,ridge,full_map,0.1728291952683728,0.21117882386409473,0.0018284488361217655
2024-07-02_06,1,ridge,template,0.15854157303370744,0.19078947664892776,0.001569051344048944
2024-07-02_06,1,ridge,mean_shift,0.16584949414269448,0.1979494942753025,-0.05278105537023947
2024-07-02_06,1,ridge,full_map,0.1647327776265943,0.19505542249853153,-0.05278105537023947
2024-07-02_08,1,ridge,template,0.4813634333665187,0.49634943383118935,0.48136343336651777
2024-07-02_08,1,ridge,mean_shift,0.10948233851378375,0.1501963493406752,0.08892096419364037
2024-07-02_08,1,ridge,full_map,0.1157684453562802,0.1517714334675362,0.08892096419363327
2024-07-02_09,1,ridge,template,0.24446711705304955,0.2911404591089917,0.240388152467645
2024-07-02_09,1,ridge,mean_shift,0.13373631044405324,0.17082524366486593,0.046957010017386835
2024-07-02_09,1,ridge,full_map,0.13316389578716709,0.1589952622598354,0.04695701001737973
2024-07-02_10,1,ridge,template,0.2973862181766453,0.32790199266279885,0.2954712985350625
2024-07-02_10,1,ridge,mean_shift,0.13994126754344233,0.18695055144036987,0.1213840193337603
2024-07-02_10,1,ridge,full_map,0.13708587148260284,0.17646584024259832,0.1213840193337603
2024-07-02_01,1,pls,template,0.6920004835727498,0.7504100949033217,-0.6853522969705637
2024-07-02_01,1,pls,mean_shift,0.25618651449228386,0.3151965493292825,0.07707999182080982
2024-07-02_01,1,pls,full_map,0.14131358565718155,0.2391675620561163,0.07707999182080272
2024-07-02_02,1,pls,template,0.43630285876831243,0.5019599017769464,-0.43630285876831465
2024-07-02_02,1,pls,mean_shift,0.20206222021433629,0.2595824180975635,-0.07602284763713385
2024-07-02_02,1,pls,full_map,0.171210235400355,0.21024012606116993,-0.07602284763714096
2024-07-02_03,1,pls,template,0.5500478025885371,0.6107820924948041,-0.5500478025885371
2024-07-02_03,1,pls,mean_shift,0.2477699390812924,0.32130306345568904,-0.18092395973490483
2024-07-02_03,1,pls,full_map,0.24067646380721913,0.30443524587634474,-0.18092395973491193
2024-07-02_04,1,pls,template,0.317329554828617,0.38649659737790293,-0.3114208362963993
2024-07-02_04,1,pls,mean_shift,0.20124441452179656,0.2504380390124388,-0.10159984684658241
2024-07-02_04,1,pls,full_map,0.19879766901629436,0.2445687906546368,-0.10159984684658951
2024-07-02_05,1,pls,template,0.20160459394111668,0.25271319665173775,0.15919489404067377
2024-07-02_05,1,pls,mean_shift,0.1735907658204867,0.2050950322457943,-0.059523329700091665
2024-07-02_05,1,pls,full_map,0.17562257220950944,0.21131026631637762,-0.05952332970009877
2024-07-02_06,1,pls,template,0.15854157303370744,0.19078947664892776,0.001569051344048944
2024-07-02_06,1,pls,mean_shift,0.1786742263707428,0.21614208265842827,-0.10158364739499604
2024-07-02_06,1,pls,full_map,0.17884235172914223,0.21610855641242313,-0.10158364739500314
2024-07-02_08,1,pls,template,0.4813634333665187,0.49634943383118935,0.48136343336651777
2024-07-02_08,1,pls,mean_shift,0.09431809430671,0.12117290329732948,0.005555808794824202
2024-07-02_08,1,pls,full_map,0.08399636510907159,0.11200436051309842,0.0055558087948170964
2024-07-02_09,1,pls,template,0.24446711705304955,0.2911404591089917,0.240388152467645
2024-07-02_09,1,pls,mean_shift,0.14523815033373522,0.17180894844491795,-0.05041836651816567
2024-07-02_09,1,pls,full_map,0.14419659961139641,0.1777148101519734,-0.050418366518172775
2024-07-02_10,1,pls,template,0.2973862181766453,0.32790199266279885,0.2954712985350625
2024-07-02_10,1,pls,mean_shift,0.12143502863700606,0.16278010867488227,0.07925235167466838
2024-07-02_10,1,pls,full_map,0.1254193859602269,0.15980851254232376,0.07925235167466127
2024-07-05_01,2,ridge,template,0.5909476519734955,0.6533933032096673,-0.5909476519734937
2024-07-05_01,2,ridge,mean_shift,0.24164349612834857,0.28344569635752687,0.05135933680793414
2024-07-05_01,2,ridge,full_map,0.14496997028179803,0.17334775055746,0.051359336807927036
2024-07-05_02,2,ridge,template,0.5882352924229329,0.6044792726105188,-0.5882352924229295
2024-07-05_02,2,ridge,mean_shift,0.11044611841438706,0.1400620372993001,-0.015586613762522461
2024-07-05_02,2,ridge,full_map,0.09017361598120528,0.15778485776600312,-0.015586613762522461
2024-07-05_03,2,ridge,template,0.33805776433304563,0.34091727508115377,-0.338057764333044
2024-07-05_03,2,ridge,mean_shift,0.06672923620478448,0.07409708478589276,0.059572154156668944
2024-07-05_03,2,ridge,full_map,0.06654017198825221,0.10304742957844962,0.059572154156668944
2024-07-05_04,2,ridge,template,0.17793549409392084,0.19950522748154673,0.17793549409392284
2024-07-05_04,2,ridge,mean_shift,0.08088855522831542,0.11956016972995195,0.07844321801047016
2024-07-05_04,2,ridge,full_map,0.09169309064281989,0.1258605759428579,0.07844321801047016
2024-07-05_05,2,ridge,template,0.07485298184961113,0.11141938338220372,0.056873696341114055
2024-07-05_05,2,ridge,mean_shift,0.2288024671132595,0.24805287866679496,0.2288024671132618
2024-07-05_05,2,ridge,full_map,0.2288024671132535,0.25158548891999194,0.2288024671132547
2024-07-05_06,2,ridge,template,0.1843141457793142,0.22158735312189487,0.18431414577931804
2024-07-05_06,2,ridge,mean_shift,0.0929980868085188,0.1442939580064509,0.07544200148431202
2024-07-05_06,2,ridge,full_map,0.07616491747776438,0.11349559313918149,0.07544200148431202
2024-07-05_07,2,ridge,template,0.3005411120714491,0.32464758908768193,0.30054111207144985
2024-07-05_07,2,ridge,mean_shift,0.19303068262622175,0.2287617570540281,0.19303068262622247
2024-07-05_07,2,ridge,full_map,0.19303068262621584,0.22184359740679716,0.19303068262622247
2024-07-05_08,2,ridge,template,0.6336208873523479,0.6483112893609753,0.6336208873523503
2024-07-05_08,2,ridge,mean_shift,0.10695242622697065,0.153555799564522,0.06890054104422205
2024-07-05_08,2,ridge,full_map,0.08264852645456995,0.11624691026930069,0.06890054104421495
2024-07-05_09,2,ridge,template,0.40870178622875203,0.42761520282157567,0.40870178622876097
2024-07-05_09,2,ridge,mean_shift,0.2301816073737611,0.2521718333538555,-0.21857040494878532
2024-07-05_09,2,ridge,full_map,0.22487998811893778,0.23602591367039635,-0.21857040494879243
2024-07-05_10,2,ridge,template,0.4903276289253811,0.5117775051507701,0.4903276289253924
2024-07-05_10,2,ridge,mean_shift,0.17870291050492115,0.23104493968917852,0.17856856684539935
2024-07-05_10,2,ridge,full_map,0.17856856684538225,0.20416207195752126,0.17856856684539224
2024-07-05_01,2,pls,template,0.5909476519734955,0.6533933032096673,-0.5909476519734937
2024-07-05_01,2,pls,mean_shift,0.22393993256009065,0.35500371473556275,-0.21982710517539772
2024-07-05_01,2,pls,full_map,0.23724103858804776,0.28232684660517554,-0.21982710517539772
2024-07-05_02,2,pls,template,0.5882352924229329,0.6044792726105188,-0.5882352924229295
2024-07-05_02,2,pls,mean_shift,0.11260341128035131,0.16238546498033107,-0.08363376993195004
2024-07-05_02,2,pls,full_map,0.10174181211539275,0.13433241460676132,-0.08363376993195004
2024-07-05_03,2,pls,template,0.33805776433304563,0.34091727508115377,-0.338057764333044
2024-07-05_03,2,pls,mean_shift,0.08591339185299478,0.09208492631650551,0.08085850129587868
2024-07-05_03,2,pls,full_map,0.08721931133912372,0.1293075308720997,0.08085850129585737
2024-07-05_04,2,pls,template,0.17793549409392084,0.19950522748154673,0.17793549409392284
2024-07-05_04,2,pls,mean_shift,0.07149604120796563,0.0903284770299719,0.00423533098331319
2024-07-05_04,2,pls,full_map,0.058326754865780976,0.07531903457604758,0.004235330983306085
2024-07-05_05,2,pls,template,0.07485298184961113,0.11141938338220372,0.056873696341114055
2024-07-05_05,2,pls,mean_shift,0.09870659530817137,0.136671248034016,0.09746470325921308
2024-07-05_05,2,pls,full_map,0.09908072392702147,0.14171081547208722,0.09746470325920598
2024-07-05_06,2,pls,template,0.1843141457793142,0.22158735312189487,0.18431414577931804
2024-07-05_06,2,pls,mean_shift,0.11319101625276078,0.12957642029070174,-0.0407528890527189
2024-07-05_06,2,pls,full_map,0.0827436019780283,0.09718360621231537,-0.040752889052726005
2024-07-05_07,2,pls,template,0.3005411120714491,0.32464758908768193,0.30054111207144985
2024-07-05_07,2,pls,mean_shift,0.12845732344824967,0.1747617515866551,0.12438075720277197
2024-07-05_07,2,pls,full_map,0.12849421568720248,0.1659762846790844,0.12438075720276487
2024-07-05_08,2,pls,template,0.6336208873523479,0.6483112893609753,0.6336208873523503
2024-07-05_08,2,pls,mean_shift,0.11683532160475169,0.13824065142557004,-0.01668468408009005
2024-07-05_08,2,pls,full_map,0.059753074081492816,0.08520886136098342,-0.016684684080097156
2024-07-05_09,2,pls,template,0.40870178622875203,0.42761520282157567,0.40870178622876097
2024-07-05_09,2,pls,mean_shift,0.11509125492970008,0.13340109047260862,-0.04447740237149134
2024-07-05_09,2,pls,full_map,0.08683003089449447,0.10319392026979655,-0.04447740237149844
2024-07-05_10,2,pls,template,0.4903276289253811,0.5117775051507701,0.4903276289253924
2024-07-05_10,2,pls,mean_shift,0.11345947765753414,0.15965432427705267,0.06320183675814661
2024-07-05_10,2,pls,full_map,0.0840602541429951,0.11806678370403147,0.06320183675814661
2024-07-09_01,3,ridge,template,0.5841281042927114,0.6234476144965109,-0.5784258282915573
2024-07-09_01,3,ridge,mean_shift,0.1868276216950554,0.2370309266431216,0.045532087572212276
2024-07-09_01,3,ridge,full_map,0.07933519545120513,0.15232669664548829,0.04553208757220517
2024-07-09_02,3,ridge,template,0.5492742005185824,1.2726243555641892,-0.2971033563814416
2024-07-09_02,3,ridge,mean_shift,0.32133007023447974,1.266872517143278,0.2714104432237292
2024-07-09_02,3,ridge,full_map,0.28486435678718686,1.2734237289272858,0.2714104432237221
2024-07-09_03,3,ridge,template,0.567262906943245,0.5815672846945394,-0.5672629069432418
2024-07-09_03,3,ridge,mean_shift,0.09759551414578746,0.13324372296726356,-0.03633990474531146
2024-07-09_03,3,ridge,full_map,0.08457564559133793,0.12237431273024331,-0.03633990474531856
2024-07-09_04,3,ridge,template,0.3734651541342567,0.383855915379579,-0.3734651541342586
2024-07-09_04,3,ridge,mean_shift,0.06870904146295646,0.08871411962809965,0.0010259639459277992
2024-07-09_04,3,ridge,full_map,0.04337199840968317,0.06698698726710497,0.0010259639459277992
2024-07-09_05,3,ridge,template,0.27794605301066067,0.2829198084437817,-0.2779460530106519
2024-07-09_05,3,ridge,mean_shift,0.039947175140687005,0.05282100819122758,-0.0006702840268246746
2024-07-09_05,3,ridge,full_map,0.05126263211161035,0.0828707353389255,-0.0006702840268246746
2024-07-09_06,3,ridge,template,0.02251557188130161,0.03786491555635987,-0.015666277729756928
2024-07-09_06,3,ridge,mean_shift,0.14855476286828415,0.15250192504698548,-0.14855476286828662
2024-07-09_06,3,ridge,full_map,0.14855476286828628,0.15832471226380934,-0.1485547628682795
2024-07-09_07,3,ridge,template,0.1021006770383171,0.10812659701975304,0.09968316047249459
2024-07-09_07,3,ridge,mean_shift,0.13483777574055195,0.14119438468985981,-0.13483777574055722
2024-07-09_07,3,ridge,full_map,0.13483777574055378,0.14115314347172417,-0.134837775740543
2024-07-09_08,3,ridge,template,0.17974720541630573,0.19164827826481448,0.1797472054163194
2024-07-09_08,3,ridge,mean_shift,0.13980846711538747,0.1511622704069579,-0.1357572365941806
2024-07-09_08,3,ridge,full_map,0.13575723659418915,0.14805790544399697,-0.1357572365941806
2024-07-09_09,3,ridge,template,0.25552922788821614,0.2684531937183587,0.25552922788821775
2024-07-09_09,3,ridge,mean_shift,0.16089397165870895,0.1720630407009721,-0.1511084347838505
2024-07-09_09,3,ridge,full_map,0.15156675902989564,0.16780781082738871,-0.1511084347838505
2024-07-09_10,3,ridge,template,0.7088213627196759,0.7141550889292688,0.7088213627196822
2024-07-09_10,3,ridge,mean_shift,0.4124638245847131,0.4215639612049901,0.4124638245847194
2024-07-09_10,3,ridge,full_map,0.41246382458471104,0.41587341840060277,0.4124638245847123
2024-07-09_01,3,pls,template,0.5841281042927114,0.6234476144965109,-0.5784258282915573
2024-07-09_01,3,pls,mean_shift,0.277278824486649,0.30544708387385255,0.19795815684236118
2024-07-09_01,3,pls,full_map,0.19795815684236318,0.2583970305303794,0.19795815684235407
2024-07-09_02,3,pls,template,0.5492742005185824,1.2726243555641892,-0.2971033563814416
2024-07-09_02,3,pls,mean_shift,0.25086024237186627,1.2413440620656504,0.0981464947086863
2024-07-09_02,3,pls,full_map,0.18896325164891858,1.2527928873139884,0.09814649470869341
2024-07-09_03,3,pls,template,0.567262906943245,0.5815672846945394,-0.5672629069432418
2024-07-09_03,3,pls,mean_shift,0.17376830805552465,0.21593685632091286,-0.17376830805552856
2024-07-09_03,3,pls,full_map,0.17376830805552682,0.20559393351148347,-0.17376830805552146
2024-07-09_04,3,pls,template,0.3734651541342567,0.383855915379579,-0.3734651541342586
2024-07-09_04,3,pls,mean_shift,0.07354872044140569,0.10882099734149256,-0.06303068334570838
2024-07-09_04,3,pls,full_map,0.06303068334570855,0.08439730822996448,-0.06303068334571549
2024-07-09_05,3,pls,template,0.27794605301066067,0.2829198084437817,-0.2779460530106519
2024-07-09_05,3,pls,mean_shift,0.10967645966584587,0.11825526970440832,0.10580500549218641
2024-07-09_05,3,pls,full_map,0.1080565584779059,0.11663264290841419,0.10580500549218641
2024-07-09_06,3,pls,template,0.02251557188130161,0.03786491555635987,-0.015666277729756928
2024-07-09_06,3,pls,mean_shift,0.0827278595364451,0.08962264398948533,-0.08272785953644046
2024-07-09_06,3,pls,full_map,0.08272785953644733,0.10561435539944963,-0.08272785953644757
2024-07-09_07,3,pls,template,0.1021006770383171,0.10812659701975304,0.09968316047249459
2024-07-09_07,3,pls,mean_shift,0.09236035849747713,0.09965563606014015,-0.09042464983211573
2024-07-09_07,3,pls,full_map,0.09042464983212611,0.10669280751970589,-0.09042464983212284
2024-07-09_08,3,pls,template,0.17974720541630573,0.19164827826481448,0.1797472054163194
2024-07-09_08,3,pls,mean_shift,0.09905312979617464,0.10901003134958168,-0.08638971135464857
2024-07-09_08,3,pls,full_map,0.08638971135465712,0.10750228170502865,-0.08638971135465567
2024-07-09_09,3,pls,template,0.25552922788821614,0.2684531937183587,0.25552922788821775
2024-07-09_09,3,pls,mean_shift,0.11833244443212569,0.12778996330489992,-0.09776678274869965
2024-07-09_09,3,pls,full_map,0.09830874917059865,0.11621825227951134,-0.09776678274869255
2024-07-09_10,3,pls,template,0.7088213627196759,0.7141550889292688,0.7088213627196822
2024-07-09_10,3,pls,mean_shift,0.3425305096750514,0.3534358737508742,0.3425305096750506
2024-07-09_10,3,pls,full_map,0.3425305096750495,0.34633698406757485,0.3425305096750506
2024-07-11_01,4,ridge,template,0.6035388792855085,0.6325098245412559,-0.6035388792855088
2024-07-11_01,4,ridge,mean_shift,0.13762489728573793,0.2199036312820324,-0.11201833653032622
2024-07-11_01,4,ridge,full_map,0.11409173733188642,0.16085765516418937,-0.11201833653032622
2024-07-11_02,4,ridge,template,0.6646883174877553,0.6793164976193424,-0.6646883174877516
2024-07-11_02,4,ridge,mean_shift,0.2573594564824796,0.29307718159908736,-0.25735945648247593
2024-07-11_02,4,ridge,full_map,0.25735945648247754,0.27972035348200763,-0.25735945648247593
2024-07-11_03,4,ridge,template,0.6126534860270813,0.6181021717238625,-0.612653486027078
2024-07-11_03,4,ridge,mean_shift,0.13441308007531172,0.1561735384666954,-0.1329818535311773
2024-07-11_03,4,ridge,full_map,0.1373603007709434,0.15616208799446393,-0.1329818535311773
2024-07-11_04,4,ridge,template,0.2891737107461823,0.2952584701774141,-0.2891737107461765
2024-07-11_04,4,ridge,mean_shift,0.17483138846274088,0.1847218005991713,-0.17483138846273505
2024-07-11_04,4,ridge,full_map,0.17483138846273857,0.18601302109261078,-0.17483138846273505
2024-07-11_05,4,ridge,template,0.2230197781619127,0.232276074710211,-0.22301977816191254
2024-07-11_05,4,ridge,mean_shift,0.09325007714383192,0.1047297859971574,-0.08218256897674081
2024-07-11_05,4,ridge,full_map,0.09409843011292013,0.10930848768041994,-0.08218256897674081
2024-07-11_06,4,ridge,template,0.07446054451167024,0.09619571027520199,0.055606064534714505
2024-07-11_06,4,ridge,mean_shift,0.06540057254358304,0.07933937023423046,-0.011539298369179107
2024-07-11_06,4,ridge,full_map,0.05446224319654088,0.06603495820245653,-0.011539298369172002
2024-07-11_07,4,ridge,template,0.4780880870066261,0.492304469808486,0.47808808700662553
2024-07-11_07,4,ridge,mean_shift,0.10379648452712865,0.12248919645884442,-0.034758181675321964
2024-07-11_07,4,ridge,full_map,0.07690783383505481,0.10638279702488064,-0.03475818167531486
2024-07-11_08,4,ridge,template,0.552483592624604,0.5643488487649435,0.5524835926246041
2024-07-11_08,4,ridge,mean_shift,0.09010595226492057,0.12556425839163898,0.050148579267158766
2024-07-11_08,4,ridge,full_map,0.07954501259001641,0.12272798595650208,0.050148579267158766
2024-07-11_09,4,ridge,template,0.743309435321233,0.7530559788410577,0.7433094353212297
2024-07-11_09,4,ridge,mean_shift,0.39234539931203805,0.41051102663876854,0.3923453993120276
2024-07-11_09,4,ridge,full_map,0.3923453993120409,0.399007265325966,0.3923453993120347
2024-07-11_10,4,ridge,template,0.2677566263324694,0.29994288090544974,0.26775662633246355
2024-07-11_10,4,ridge,mean_shift,0.10679891038775807,0.1360089006390799,0.01504327730700794
2024-07-11_10,4,ridge,full_map,0.07206351645620442,0.09359683941574343,0.01504327730700794
2024-07-11_01,4,pls,template,0.6035388792855085,0.6325098245412559,-0.6035388792855088
2024-07-11_01,4,pls,mean_shift,0.13292683359814778,0.21157691161079675,-0.09463239505983267
2024-07-11_01,4,pls,full_map,0.10118851580490093,0.14133565292143138,-0.09463239505983267
2024-07-11_02,4,pls,template,0.6646883174877553,0.6793164976193424,-0.6646883174877516
2024-07-11_02,4,pls,mean_shift,0.23008046458225462,0.2694389814327044,-0.23008046458225095
2024-07-11_02,4,pls,full_map,0.23008046458225248,0.25024792399313334,-0.23008046458225095
2024-07-11_03,4,pls,template,0.6126534860270813,0.6181021717238625,-0.612653486027078
2024-07-11_03,4,pls,mean_shift,0.0870301018508726,0.11739684764079596,-0.08411907683383646
2024-07-11_03,4,pls,full_map,0.10397756183600991,0.11555277523572323,-0.08411907683382935
2024-07-11_04,4,pls,template,0.2891737107461823,0.2952584701774141,-0.2891737107461765
2024-07-11_04,4,pls,mean_shift,0.18111522493400983,0.19067997778394868,-0.1811152249340111
2024-07-11_04,4,pls,full_map,0.18111522493400728,0.1967690472859204,-0.181115224934004
2024-07-11_05,4,pls,template,0.2230197781619127,0.232276074710211,-0.22301977816191254
2024-07-11_05,4,pls,mean_shift,0.10480237975267015,0.11623545369950176,-0.0964174634873487
2024-07-11_05,4,pls,full_map,0.11565559453111182,0.12780148440821276,-0.0964174634873487
2024-07-11_06,4,pls,template,0.07446054451167024,0.09619571027520199,0.055606064534714505
2024-07-11_06,4,pls,mean_shift,0.06589121913482443,0.0797589063481608,-0.014138701480099769
2024-07-11_06,4,pls,full_map,0.05645638053401066,0.06960299262802415,-0.014138701480085558
2024-07-11_07,4,pls,template,0.4780880870066261,0.492304469808486,0.47808808700662553
2024-07-11_07,4,pls,mean_shift,0.11188024578901266,0.12944059821708445,-0.05440033465924188
2024-07-11_07,4,pls,full_map,0.06935543515930444,0.09350170732741196,-0.05440033465924188
2024-07-11_08,4,pls,template,0.552483592624604,0.5643488487649435,0.5524835926246041
2024-07-11_08,4,pls,mean_shift,0.09865857815532053,0.11661206546927985,-0.01862446858527278
2024-07-11_08,4,pls,full_map,0.04911779413935487,0.06742241002991989,-0.018624468585279885
2024-07-11_09,4,pls,template,0.743309435321233,0.7530559788410577,0.7433094353212297
2024-07-11_09,4,pls,mean_shift,0.362297349524052,0.3818949595148465,0.3622973495240345
2024-07-11_09,4,pls,full_map,0.36250604830540273,0.3690921333556762,0.3622973495240487
2024-07-11_10,4,pls,template,0.2677566263324694,0.29994288090544974,0.26775662633246355
2024-07-11_10,4,pls,mean_shift,0.11466466249233001,0.13675228686898896,-0.020713934995150396
2024-07-11_10,4,pls,full_map,0.09262430473837317,0.11212414874780638,-0.020713934995150396
2024-07-19_01,5,ridge,template,0.5935721838087007,0.6313771487480585,-0.5935721838087034
2024-07-19_01,5,ridge,mean_shift,0.35899695263787107,0.41855463033285845,-0.3589969526378809
2024-07-19_01,5,ridge,full_map,0.3589969526378692,0.3819274540291836,-0.3589969526378667
2024-07-19_02,5,ridge,template,0.056995635263612454,0.07401834746778607,0.00267613079804363
2024-07-19_02,5,ridge,mean_shift,0.0634895758511439,0.09363619591225437,-0.05741239499537443
2024-07-19_02,5,ridge,full_map,0.06261339536777376,0.07856064203367938,-0.057412394995360216
2024-07-19_03,5,ridge,template,0.13478454335926224,0.14219013365265548,-0.1347845433592667
2024-07-19_03,5,ridge,mean_shift,0.0715839771100113,0.08286366537720277,0.06939182992361737
2024-07-19_03,5,ridge,full_map,0.07328834226297272,0.0977725186689218,0.06939182992363158
2024-07-19_04,5,ridge,template,0.3683266925957934,0.38904207249543377,0.36832669259579376
2024-07-19_04,5,ridge,mean_shift,0.2246971280440203,0.25725081349573437,0.22469712804402064
2024-07-19_04,5,ridge,full_map,0.22697108546769257,0.24842265379139378,0.22469712804402064
2024-07-19_05,5,ridge,template,0.22134017574186107,0.25398543542055524,0.22134017574185805
2024-07-19_05,5,ridge,mean_shift,0.10895250483502411,0.16145396621029925,0.10271443519147283
2024-07-19_05,5,ridge,full_map,0.10603372309404831,0.14817659448733123,0.10271443519147994
2024-07-19_06,5,ridge,template,0.3505177038317488,0.37877069248767115,0.3505177038317555
2024-07-19_06,5,ridge,mean_shift,0.18965533727930545,0.23785231499112106,0.18965533727931216
2024-07-19_06,5,ridge,full_map,0.19017073734069045,0.22321072536184625,0.18965533727931216
2024-07-19_07,5,ridge,template,0.4522648948429846,0.47810439361053036,0.4522648948429904
2024-07-19_07,5,ridge,mean_shift,0.13200901638635965,0.15708819334387075,-0.025227453412583145
2024-07-19_07,5,ridge,full_map,0.07816402773957025,0.09437721078536526,-0.025227453412583145
2024-07-19_08,5,ridge,template,0.5097008498991642,0.5343036647930653,0.5097008498991684
2024-07-19_08,5,ridge,mean_shift,0.12294177815627418,0.17055756942461742,0.058347533492543846
2024-07-19_08,5,ridge,full_map,0.09547381713901591,0.13480826441152505,0.05834753349253674
2024-07-19_09,5,ridge,template,0.4462109622587152,0.48752742464784327,0.4462109622587178
2024-07-19_09,5,ridge,mean_shift,0.15809411531394402,0.22958829552796936,0.11887816662250827
2024-07-19_09,5,ridge,full_map,0.13877004159632395,0.1972219232244499,0.11887816662251538
2024-07-19_10,5,ridge,template,0.65310197349467,0.6816913299708072,0.653101973494671
2024-07-19_10,5,ridge,mean_shift,0.16025899734098611,0.19542092830673807,-0.005334570791724502
2024-07-19_10,5,ridge,full_map,0.09232353310694567,0.12063033476381417,-0.005334570791724502
2024-07-19_01,5,pls,template,0.5935721838087007,0.6313771487480585,-0.5935721838087034
2024-07-19_01,5,pls,mean_shift,0.2373449782820094,0.32033327259240346,-0.2372851427290925
2024-07-19_01,5,pls,full_map,0.24613701891007175,0.26708631772752206,-0.2372851427290854
2024-07-19_02,5,pls,template,0.056995635263612454,0.07401834746778607,0.00267613079804363
2024-07-19_02,5,pls,mean_shift,0.13573160924038719,0.1467743952710991,0.12677211452595571
2024-07-19_02,5,pls,full_map,0.12883629739446553,0.13363429938358487,0.12677211452596282
2024-07-19_03,5,pls,template,0.13478454335926224,0.14219013365265548,-0.1347845433592667
2024-07-19_03,5,pls,mean_shift,0.07868819191447576,0.08903829769758823,0.0766593600109502
2024-07-19_03,5,pls,full_map,0.07703397091601995,0.10646238397620417,0.0766593600109502
2024-07-19_04,5,pls,template,0.3683266925957934,0.38904207249543377,0.36832669259579376
2024-07-19_04,5,pls,mean_shift,0.15328714646762587,0.19795487103169154,0.1532871464676262
2024-07-19_04,5,pls,full_map,0.156924901815152,0.17962581641475597,0.1532871464676262
2024-07-19_05,5,pls,template,0.22134017574186107,0.25398543542055524,0.22134017574185805
2024-07-19_05,5,pls,mean_shift,0.13776212203944593,0.1856426935937364,0.13764476625141242
2024-07-19_05,5,pls,full_map,0.13981758944798006,0.17446074982120968,0.13764476625141242
2024-07-19_06,5,pls,template,0.3505177038317488,0.37877069248767115,0.3505177038317555
2024-07-19_06,5,pls,mean_shift,0.224702607573612,0.26663802924280894,0.2247026075736187
2024-07-19_06,5,pls,full_map,0.22501263869455468,0.25271853835023494,0.2247026075736187
2024-07-19_07,5,pls,template,0.4522648948429846,0.47810439361053036,0.4522648948429904
2024-07-19_07,5,pls,mean_shift,0.12891199035630013,0.15581036543568957,-0.015381608981059003
2024-07-19_07,5,pls,full_map,0.06912044282731764,0.09680298358588142,-0.015381608981051897
2024-07-19_08,5,pls,template,0.5097008498991642,0.5343036647930653,0.5097008498991684
2024-07-19_08,5,pls,mean_shift,0.14920724558378842,0.214174669747092,0.1420751186447049
2024-07-19_08,5,pls,full_map,0.14437050048639977,0.19076210923409986,0.1420751186447049
2024-07-19_09,5,pls,template,0.4462109622587152,0.48752742464784327,0.4462109622587178
2024-07-19_09,5,pls,mean_shift,0.18788182789991967,0.266857353502996,0.18064905251540608
2024-07-19_09,5,pls,full_map,0.1846149383873207,0.22751559256681636,0.18064905251540608
2024-07-19_10,5,pls,template,0.65310197349467,0.6816913299708072,0.653101973494671
2024-07-19_10,5,pls,mean_shift,0.1531900933294659,0.197719623913534,0.030531428164664476
2024-07-19_10,5,pls,full_map,0.07814672620237162,0.11637385532463428,0.03053142816467158
2024-08-01_01,6,ridge,template,0.10331892826274837,0.1537285595674009,-0.08351175453759652
2024-08-01_01,6,ridge,mean_shift,0.13640449230581933,0.16432300813099676,0.10170444493973463
2024-08-01_01,6,ridge,full_map,0.11494155088729949,0.15395260409275288,0.10170444493973463
2024-08-01_02,6,ridge,template,0.5230757994814168,0.5383854724381572,-0.5230757994814184
2024-08-01_02,6,ridge,mean_shift,0.11450214955857965,0.1574817035411983,-0.09246546393602273
2024-08-01_02,6,ridge,full_map,0.0992172131785898,0.13929827799299985,-0.09246546393602273
2024-08-01_03,6,ridge,template,0.39821512532411363,0.4063335652546304,-0.3982151253241142
2024-08-01_03,6,ridge,mean_shift,0.3642412477887754,0.3730996740904012,-0.364241247788776
2024-08-01_03,6,ridge,full_map,0.3642412477887774,0.3761849282740853,-0.364241247788776
2024-08-01_04,6,ridge,template,0.22440276577355187,0.22969849335296272,-0.22440276577355434
2024-08-01_04,6,ridge,mean_shift,0.3139667557352485,0.31777337879174006,-0.313966755735251
2024-08-01_04,6,ridge,full_map,0.31396675573525085,0.3205707334298957,-0.313966755735251
2024-08-01_05,6,ridge,template,0.028938720829733432,0.039297479297789484,-0.021516248919617453
2024-08-01_05,6,ridge,mean_shift,0.1087516253144545,0.11326014375347346,-0.10838135103175262
2024-08-01_05,6,ridge,full_map,0.1084488358893388,0.11240122906428128,-0.10838135103175262
2024-08-01_06,6,ridge,template,0.44031633535004394,0.446812935699143,0.44031633535004744
2024-08-01_06,6,ridge,mean_shift,0.08680714561660048,0.0969890269564167,-0.06036180098337951
2024-08-01_06,6,ridge,full_map,0.06784940757303025,0.08013412691760388,-0.06036180098339372
2024-08-01_07,6,ridge,template,0.7287410544511673,1.832566448142483,0.728741054451163
2024-08-01_07,6,ridge,mean_shift,0.2477933148727961,1.693490786322315,0.20167989722234836
2024-08-01_07,6,ridge,full_map,0.2063488078135072,1.6847834447658798,0.20167989722234125
2024-08-01_08,6,ridge,template,0.37823431287813386,0.3938654716691219,0.3782343128781278
2024-08-01_08,6,ridge,mean_shift,0.09344856187087858,0.11234463066930682,-0.0235053548256019
2024-08-01_08,6,ridge,full_map,0.05054473117374646,0.06014984079227797,-0.0235053548256019
2024-08-01_09,6,ridge,template,0.4708815038893696,0.4925313640733529,0.4708815038893732
2024-08-01_09,6,ridge,mean_shift,0.11693307077262292,0.1545009125795366,0.05488877933665037
2024-08-01_09,6,ridge,full_map,0.08214391508750181,0.10809940651475754,0.05488877933664327
2024-08-01_10,6,ridge,template,0.5025388072601558,0.5164641783653456,0.5025388072601515
2024-08-01_10,6,ridge,mean_shift,0.10587189239672193,0.14911550604527643,0.0896963734551548
2024-08-01_10,6,ridge,full_map,0.08969637345515744,0.10987723306523182,0.0896963734551548
2024-08-01_01,6,pls,template,0.10331892826274837,0.1537285595674009,-0.08351175453759652
2024-08-01_01,6,pls,mean_shift,0.10518834228255154,0.1421802351171971,0.059640274791981085
2024-08-01_01,6,pls,full_map,0.08069664098148366,0.13929213357368225,0.059640274791966874
2024-08-01_02,6,pls,template,0.5230757994814168,0.5383854724381572,-0.5230757994814184
2024-08-01_02,6,pls,mean_shift,0.10047168990190582,0.13208281617463238,-0.034572321288678154
2024-08-01_02,6,pls,full_map,0.06350174324735747,0.08565377099615071,-0.03457232128868526
2024-08-01_03,6,pls,template,0.39821512532411363,0.4063335652546304,-0.3982151253241142
2024-08-01_03,6,pls,mean_shift,0.4008323065978908,0.40889878726675755,-0.4008323065978914
2024-08-01_03,6,pls,full_map,0.400832306597893,0.4080140440317299,-0.4008323065978914
2024-08-01_04,6,pls,template,0.22440276577355187,0.22969849335296272,-0.22440276577355434
2024-08-01_04,6,pls,mean_shift,0.3074200599923575,0.31130674558625643,-0.30742005999236
2024-08-01_04,6,pls,full_map,0.3074200599923591,0.3168642051995556,-0.30742005999236
2024-08-01_05,6,pls,template,0.028938720829733432,0.039297479297789484,-0.021516248919617453
2024-08-01_05,6,pls,mean_shift,0.08817100071188809,0.09330803383291382,-0.08732151090180196
2024-08-01_05,6,pls,full_map,0.08732151090181217,0.09319050495064773,-0.08732151090180196
2024-08-01_06,6,pls,template,0.44031633535004394,0.446812935699143,0.44031633535004744
2024-08-01_06,6,pls,mean_shift,0.14230460757606747,0.15231575758470695,-0.13204834598209914
2024-08-01_06,6,pls,full_map,0.1343904287345798,0.14012878431973871,-0.13204834598209914
2024-08-01_07,6,pls,template,0.7287410544511673,1.832566448142483,0.728741054451163
2024-08-01_07,6,pls,mean_shift,0.2656537467498041,1.6870573903067074,0.1375731651650085
2024-08-01_07,6,pls,full_map,0.2265889779392801,1.682128703646604,0.1375731651650085
2024-08-01_08,6,pls,template,0.37823431287813386,0.3938654716691219,0.3782343128781278
2024-08-01_08,6,pls,mean_shift,0.09296937515654387,0.11205441934179511,-0.022076651903788047
2024-08-01_08,6,pls,full_map,0.059769946311057254,0.07085503173592649,-0.022076651903795153
2024-08-01_09,6,pls,template,0.4708815038893696,0.4925313640733529,0.4708815038893732
2024-08-01_09,6,pls,mean_shift,0.11521726978435134,0.15072822658702087,0.04314214180155318
2024-08-01_09,6,pls,full_map,0.08670136836718983,0.10693845122026484,0.043142141801560285
2024-08-01_10,6,pls,template,0.5025388072601558,0.5164641783653456,0.5025388072601515
2024-08-01_10,6,pls,mean_shift,0.09527383908509358,0.13210293922688798,0.057106845651389904
2024-08-01_10,6,pls,full_map,0.06226257979091782,0.07732256997971325,0.057106845651389904
2024-08-05_01,7,ridge,template,0.14289277884351828,0.1878689586240504,-0.14289277884351748
2024-08-05_01,7,ridge,mean_shift,0.40340773305110067,0.41950418675740486,0.40138181739850864
2024-08-05_01,7,ridge,full_map,0.40138181739850787,0.4115479597741333,0.40138181739850864
2024-08-05_02,7,ridge,template,0.42301187996711376,0.43727591999192406,-0.4230118799671132
2024-08-05_02,7,ridge,mean_shift,0.1448423573587766,0.1574519864049008,0.11189257531837171
2024-08-05_02,7,ridge,full_map,0.1200427937359916,0.13280291239478614,0.11189257531837171
2024-08-05_03,7,ridge,template,0.029418128254315473,0.04327766158968092,-0.0007703069334112911
2024-08-05_03,7,ridge,mean_shift,0.18144417991065775,0.1865324450152049,-0.1814441799106632
2024-08-05_03,7,ridge,full_map,0.18144417991065706,0.21213806038898253,-0.1814441799106561
2024-08-05_04,7,ridge,template,0.07269168265278157,0.08094968978683213,-0.06610064401206017
2024-08-05_04,7,ridge,mean_shift,0.09940270557620179,0.10734333153498024,-0.09663867593905451
2024-08-05_04,7,ridge,full_map,0.10042667121165662,0.11064127473519854,-0.09663867593905451
2024-08-05_05,7,ridge,template,0.14261620992052668,0.16694447877511004,0.1426162099205257
2024-08-05_05,7,ridge,mean_shift,0.1151254026692295,0.1441698096036395,0.11512540266922144
2024-08-05_05,7,ridge,full_map,0.11870275073114564,0.13147257300722112,0.11512540266922855
2024-08-05_06,7,ridge,template,0.3215858728418751,0.3381634686283131,0.32158587284187234
2024-08-05_06,7,ridge,mean_shift,0.2691908115476479,0.2887918816811558,0.2691908115476451
2024-08-05_06,7,ridge,full_map,0.2767125558728482,0.2832332893699623,0.2691908115476451
2024-08-05_01,7,pls,template,0.14289277884351828,0.1878689586240504,-0.14289277884351748
2024-08-05_01,7,pls,mean_shift,0.20510404191860335,0.21683985657317284,0.1792850357107696
2024-08-05_01,7,pls,full_map,0.1877161149263211,0.21190601050044292,0.1792850357107696
2024-08-05_02,7,pls,template,0.42301187996711376,0.43727591999192406,-0.4230118799671132
2024-08-05_02,7,pls,mean_shift,0.13722127990527874,0.14888950911704937,0.09948319613705792
2024-08-05_02,7,pls,full_map,0.10961527448099696,0.11787441410038807,0.09948319613705792
2024-08-05_03,7,pls,template,0.029418128254315473,0.04327766158968092,-0.0007703069334112911
2024-08-05_03,7,pls,mean_shift,0.1855173543706331,0.19049685402278527,-0.18551735437063854
2024-08-05_03,7,pls,full_map,0.18551735437063263,0.20376265670826124,-0.18551735437063854
2024-08-05_04,7,pls,template,0.07269168265278157,0.08094968978683213,-0.06610064401206017
2024-08-05_04,7,pls,mean_shift,0.07967000091724055,0.08778957235615832,-0.07431992920275832
2024-08-05_04,7,pls,full_map,0.07488498928287421,0.08931224231394477,-0.07431992920275121
2024-08-05_05,7,pls,template,0.14261620992052668,0.16694447877511004,0.1426162099205257
2024-08-05_05,7,pls,mean_shift,0.06295900695371534,0.09257263575052775,0.03222758489869193
2024-08-05_05,7,pls,full_map,0.044434862490492444,0.06300707297489896,0.032227584898684825
2024-08-05_06,7,pls,template,0.3215858728418751,0.3381634686283131,0.32158587284187234
2024-08-05_06,7,pls,mean_shift,0.16306933802563175,0.19372317080664145,0.16306933802562895
2024-08-05_06,7,pls,full_map,0.1689070269219943,0.17164202873782208,0.16306933802562895
2024-08-07_01,8,ridge,template,0.07985766349755048,0.13806630646793686,-0.044727384039184415
2024-08-07_01,8,ridge,mean_shift,0.16241939931378663,0.1741715596832702,0.11521269940328693
2024-08-07_01,8,ridge,full_map,0.14398685879722634,0.16290397864523604,0.11521269940328693
2024-08-07_02,8,ridge,template,0.19811839527513572,0.21627140084183513,-0.19811839527513797
2024-08-07_02,8,ridge,mean_shift,0.07597177204179664,0.112557057010059,-0.0717403011359039
2024-08-07_02,8,ridge,full_map,0.07222015841613148,0.12736038662715507,-0.07174030113591101
2024-08-07_03,8,ridge,template,0.02990347162201194,0.04901391794139936,-0.018606035724573644
2024-08-07_03,8,ridge,mean_shift,0.0367927387883223,0.05515347520950072,-0.031396277503915826
2024-08-07_03,8,ridge,full_map,0.04330929006099063,0.11295007943902334,-0.031396277503915826
2024-08-07_04,8,ridge,template,0.12539142898300087,0.13246264949932432,-0.1253914289830007
2024-08-07_04,8,ridge,mean_shift,0.04468386934678823,0.057807053538130634,-0.038965528211207356
2024-08-07_04,8,ridge,full_map,0.04168037801916345,0.052062277283159084,-0.038965528211207356
2024-08-07_05,8,ridge,template,0.06644320080668611,0.10342901771739653,0.059070368769809534
2024-08-07_05,8,ridge,mean_shift,0.07965394979505264,0.09563096709710076,-0.044011687408485045
2024-08-07_05,8,ridge,full_map,0.07523110404725016,0.0903531673799175,-0.044011687408485045
2024-08-07_06,8,ridge,template,0.19774677326419018,0.2124517396358397,0.19774677326419265
2024-08-07_06,8,ridge,mean_shift,0.110594279986147,0.134016415484783,0.10921741748227021
2024-08-07_06,8,ridge,full_map,0.11214132322633794,0.11935968798199725,0.1092174174822631
2024-08-07_07,8,ridge,template,0.3000647507922801,0.3130544642994681,0.3000647507922807
2024-08-07_07,8,ridge,mean_shift,0.07270056845863417,0.089745404571484,-0.009486553215239724
2024-08-07_07,8,ridge,full_map,0.041691509063514605,0.08659578438664643,-0.009486553215239724
2024-08-07_08,8,ridge,template,0.1576843704984151,0.20252365942039657,0.008556885623733024
2024-08-07_08,8,ridge,mean_shift,0.402310991222728,0.4241488531543851,0.3727729031175997
2024-08-07_08,8,ridge,full_map,0.38841639659182653,0.4074446943596076,0.3727729031175997
2024-08-07_09,8,ridge,template,0.25979180351483877,0.27844405799836075,0.23000520023048665
2024-08-07_09,8,ridge,mean_shift,0.5468606099445481,0.5679491694414501,0.5458365669023166
2024-08-07_09,8,ridge,full_map,0.54583656690231,0.5579955579716968,0.5458365669023166
2024-08-07_10,8,ridge,template,0.48369059348890936,0.4929630963259149,0.48369059348890175
2024-08-07_10,8,ridge,mean_shift,0.726769308782402,0.7329731593296102,0.7267693087823943
2024-08-07_10,8,ridge,full_map,0.7267693087823993,0.7367931944666735,0.7267693087823943
2024-08-07_01,8,pls,template,0.07985766349755048,0.13806630646793686,-0.044727384039184415
2024-08-07_01,8,pls,mean_shift,0.159678890445083,0.17163515372245106,0.11134118687448336
2024-08-07_01,8,pls,full_map,0.12434599185519801,0.1367245003883071,0.11134118687448336
2024-08-07_02,8,pls,template,0.19811839527513572,0.21627140084183513,-0.19811839527513797
2024-08-07_02,8,pls,mean_shift,0.0963074926118117,0.12960537569433206,-0.09630749261181393
2024-08-07_02,8,pls,full_map,0.09630749261181457,0.12269710420705893,-0.09630749261181393
2024-08-07_03,8,pls,template,0.02990347162201194,0.04901391794139936,-0.018606035724573644
2024-08-07_03,8,pls,mean_shift,0.03582136680967599,0.05430765838059021,-0.029885484305943066
2024-08-07_03,8,pls,full_map,0.03513567702981678,0.05522961277323442,-0.029885484305950172
2024-08-07_04,8,pls,template,0.12539142898300087,0.13246264949932432,-0.1253914289830007
2024-08-07_04,8,pls,mean_shift,0.03279714321638949,0.048842097351938646,-0.02371091360015498
2024-08-07_04,8,pls,full_map,0.02914848749390666,0.055895341982731855,-0.023710913600162087
2024-08-07_05,8,pls,template,0.06644320080668611,0.10342901771739653,0.059070368769809534
2024-08-07_05,8,pls,mean_shift,0.07275090869232115,0.09042323891800978,-0.0311144483646828
2024-08-07_05,8,pls,full_map,0.06628793538503247,0.09150691373775821,-0.0311144483646828
2024-08-07_06,8,pls,template,0.19774677326419018,0.2124517396358397,0.19774677326419265
2024-08-07_06,8,pls,mean_shift,0.1370744070661147,0.15688007570988005,0.1363062831157933
2024-08-07_06,8,pls,full_map,0.14525938465670743,0.15515975113156555,0.1363062831157933
2024-08-07_07,8,pls,template,0.3000647507922801,0.3130544642994681,0.3000647507922807
2024-08-07_07,8,pls,mean_shift,0.0687312764787537,0.08987055485725344,0.010605360934782482
2024-08-07_07,8,pls,full_map,0.03913524780524401,0.06238297198703578,0.010605360934775376
2024-08-07_08,8,pls,template,0.1576843704984151,0.20252365942039657,0.008556885623733024
2024-08-07_08,8,pls,mean_shift,0.4271346964036169,0.4495741867553908,0.40146523767733555
2024-08-07_08,8,pls,full_map,0.41432562999465183,0.4325061804406533,0.40146523767732845
2024-08-07_09,8,pls,template,0.25979180351483877,0.27844405799836075,0.23000520023048665
2024-08-07_09,8,pls,mean_shift,0.6250690981623809,0.6444688346065015,0.6250690981623848
2024-08-07_09,8,pls,full_map,0.625069098162378,0.6368678299561209,0.6250690981623848
2024-08-07_10,8,pls,template,0.48369059348890936,0.4929630963259149,0.48369059348890175
2024-08-07_10,8,pls,mean_shift,0.8183013215461163,0.823816166965483,0.8183013215461159
2024-08-07_10,8,pls,full_map,0.8183013215461138,0.8287891350043477,0.8183013215461088
2024-08-21_01,9,ridge,template,0.6097568055753089,0.6538106555094437,-0.6097568055753158
2024-08-21_01,9,ridge,mean_shift,0.17149494457699863,0.2436816301881913,-0.06095675170882231
2024-08-21_01,9,ridge,full_map,0.08271794026872159,0.12781861967744193,-0.06095675170882231
2024-08-21_02,9,ridge,template,0.6968523111932866,0.7261717495782108,-0.6968523111932896
2024-08-21_02,9,ridge,mean_shift,0.15845308102280597,0.2099567054282668,-0.04857521882850335
2024-08-21_02,9,ridge,full_map,0.10258931905257776,0.1495895594800713,-0.04857521882850335
2024-08-21_03,9,ridge,template,0.5204837718674439,0.5397124357328741,-0.5204837718674469
2024-08-21_03,9,ridge,mean_shift,0.12396673829360745,0.18073608531847776,-0.1108123460129633
2024-08-21_03,9,ridge,full_map,0.11332027598155547,0.16530138531125485,-0.1108123460129633
2024-08-21_04,9,ridge,template,0.30426129995733125,0.31800435758695306,-0.3042612999573322
2024-08-21_04,9,ridge,mean_shift,0.13098127984905875,0.16033692171007605,-0.1309812798490526
2024-08-21_04,9,ridge,full_map,0.1309812798490559,0.16475771047952537,-0.13098127984905972
2024-08-21_05,9,ridge,template,0.10127703029441025,0.11496792770680099,-0.10127703029441193
2024-08-21_05,9,ridge,mean_shift,0.14712080856761223,0.156860192048618,-0.1471208085676068
2024-08-21_05,9,ridge,full_map,0.1471208085676091,0.17163727302300594,-0.1471208085676068
2024-08-21_06,9,ridge,template,0.3310049921775001,0.3337093129235436,0.33100499217749757
2024-08-21_06,9,ridge,mean_shift,0.07215000610545745,0.08134849947607867,0.06942605909551247
2024-08-21_06,9,ridge,full_map,0.08984613846036334,0.11681039696445814,0.06942605909551247
2024-08-21_07,9,ridge,template,0.16960469350021387,0.18164303545400576,0.16812746408760404
2024-08-21_07,9,ridge,mean_shift,0.05622443335096154,0.08073059314356473,0.04230934318678692
2024-08-21_07,9,ridge,full_map,0.06883657319477297,0.08646852955898837,0.04230934318678692
2024-08-21_08,9,ridge,template,0.25185218318873587,0.2596837663119583,0.25185218318873126
2024-08-21_08,9,ridge,mean_shift,0.07489230564305799,0.08339048730888457,-0.054293987370442665
2024-08-21_08,9,ridge,full_map,0.05707435174676486,0.08584479915893369,-0.054293987370442665
2024-08-21_10,9,ridge,template,0.3384499359977248,0.34817353953212016,0.33844993599771556
2024-08-21_10,9,ridge,mean_shift,0.08157267203052905,0.09886601012635131,-0.05565998117896953
2024-08-21_10,9,ridge,full_map,0.06748632990276461,0.12148790610451995,-0.05565998117896953
2024-08-21_01,9,pls,template,0.6097568055753089,0.6538106555094437,-0.6097568055753158
2024-08-21_01,9,pls,mean_shift,0.19007827322487234,0.23666512307579005,0.01858411063772536
2024-08-21_01,9,pls,full_map,0.0648243542121621,0.09872864861288827,0.018584110637732465
2024-08-21_02,9,pls,template,0.6968523111932866,0.7261717495782108,-0.6968523111932896
2024-08-21_02,9,pls,mean_shift,0.1950702315987393,0.21598884809802588,0.07020624069595272
2024-08-21_02,9,pls,full_map,0.13189943758470626,0.14767584973771594,0.07020624069595272
2024-08-21_03,9,pls,template,0.5204837718674439,0.5397124357328741,-0.5204837718674469
2024-08-21_03,9,pls,mean_shift,0.11785374792904578,0.14278042564720314,0.0003056806275125723
2024-08-21_03,9,pls,full_map,0.1018690873146196,0.12435667901409954,0.0003056806275125723
2024-08-21_04,9,pls,template,0.30426129995733125,0.31800435758695306,-0.3042612999573322
2024-08-21_04,9,pls,mean_shift,0.07503793642865594,0.10995020494552002,-0.0594744884382834
2024-08-21_04,9,pls,full_map,0.09158977028911935,0.13244912050641441,-0.059474488438276296
2024-08-21_05,9,pls,template,0.10127703029441025,0.11496792770680099,-0.10127703029441193
2024-08-21_05,9,pls,mean_shift,0.1353271730486495,0.14585620076390463,-0.13532717304864406
2024-08-21_05,9,pls,full_map,0.13549543981698495,0.18732700782600806,-0.13532717304864406
2024-08-21_06,9,pls,template,0.3310049921775001,0.3337093129235436,0.33100499217749757
2024-08-21_06,9,pls,mean_shift,0.05388014164300774,0.06611930465067249,0.050736197748868506
2024-08-21_06,9,pls,full_map,0.08711128694069531,0.1039348284213928,0.050736197748868506
2024-08-21_07,9,pls,template,0.16960469350021387,0.18164303545400576,0.16812746408760404
2024-08-21_07,9,pls,mean_shift,0.08455791296017087,0.10438797690009513,0.07854617478197667
2024-08-21_07,9,pls,full_map,0.11799654722424786,0.13920598699708225,0.07854617478197667
2024-08-21_08,9,pls,template,0.25185218318873587,0.2596837663119583,0.25185218318873126
2024-08-21_08,9,pls,mean_shift,0.06205858432423288,0.0720040528677981,-0.034328520509298244
2024-08-21_08,9,pls,full_map,0.04191275856044453,0.08279317099715505,-0.034328520509298244
2024-08-21_10,9,pls,template,0.3384499359977248,0.34817353953212016,0.33844993599771556
2024-08-21_10,9,pls,mean_shift,0.07230709011029825,0.09103967144905104,-0.04014682209205489
2024-08-21_10,9,pls,full_map,0.0539288247748081,0.101601255279223,-0.04014682209204068
2024-08-22_01,10,ridge,template,0.6603481407169597,0.6874112756841013,-0.6603481407169554
2024-08-22_01,10,ridge,mean_shift,0.1323688045826235,0.21272619012078317,-0.09369011139925476
2024-08-22_01,10,ridge,full_map,0.09379189053338406,0.12813918257615178,-0.09369011139926897
2024-08-22_02,10,ridge,template,0.33524476993044294,0.3611797435178023,-0.3352447699304406
2024-08-22_02,10,ridge,mean_shift,0.10205263073185078,0.14998988676481714,-0.06659740813164206
2024-08-22_02,10,ridge,full_map,0.08515359218574799,0.14403100809748318,-0.06659740813164916
2024-08-22_03,10,ridge,template,0.4801357811663978,0.4907598569454464,-0.4801357811663962
2024-08-22_03,10,ridge,mean_shift,0.13622148396241746,0.16991515978796934,-0.13622148396241585
2024-08-22_03,10,ridge,full_map,0.13622148396242184,0.15256585043073997,-0.13622148396241585
2024-08-22_04,10,ridge,template,0.2650672418405558,0.27663685468394544,-0.252053758694494
2024-08-22_04,10,ridge,mean_shift,0.17406677118915487,0.1951963567390183,-0.15844483452224978
2024-08-22_04,10,ridge,full_map,0.17341071784103035,0.1951029770493152,-0.15844483452224978
2024-08-22_01,10,pls,template,0.6603481407169597,0.6874112756841013,-0.6603481407169554
2024-08-22_01,10,pls,mean_shift,0.13274939122646048,0.1952241311978143,-0.040470562297095114
2024-08-22_01,10,pls,full_map,0.06963241813455393,0.10760864393964882,-0.04047056229710222
2024-08-22_02,10,pls,template,0.33524476993044294,0.3611797435178023,-0.3352447699304406
2024-08-22_02,10,pls,mean_shift,0.10003463281379582,0.13775188555858423,-0.030229631375114252
2024-08-22_02,10,pls,full_map,0.07173156178985264,0.10628201906752967,-0.030229631375121357
2024-08-22_03,10,pls,template,0.4801357811663978,0.4907598569454464,-0.4801357811663962
2024-08-22_03,10,pls,mean_shift,0.09364937846351463,0.13480069103422085,-0.08863609575367803
2024-08-22_03,10,pls,full_map,0.0886360957536841,0.1101508307136051,-0.08863609575368514
2024-08-22_04,10,pls,template,0.2650672418405558,0.27663685468394544,-0.252053758694494
2024-08-22_04,10,pls,mean_shift,0.1685126609701496,0.1905060941943728,-0.15262935441058545
2024-08-22_04,10,pls,full_map,0.16729381873403862,0.19133703757951165,-0.15262935441058545
