stage,X,Y,coordinate_mae
full_map,-95000.0,-19000.0,0.23062711443911682
full_map,-95000.0,0.0,0.2176957180974604
full_map,-95000.0,19000.0,0.2667863959999275
full_map,-76000.0,-57000.0,0.1975751363034484
full_map,-76000.0,-38000.0,0.5146136713127195
full_map,-76000.0,-19000.0,0.15323237859255145
full_map,-76000.0,0.0,0.1496678939522819
full_map,-76000.0,19000.0,0.15382419430047803
full_map,-76000.0,38000.0,0.1721279028250939
full_map,-76000.0,57000.0,0.23316233092217598
full_map,-57000.0,-76000.0,0.17237950253326675
full_map,-57000.0,-57000.0,0.1449009253594574
full_map,-57000.0,-38000.0,0.1342604393498246
full_map,-57000.0,-19000.0,0.12770801972741114
full_map,-57000.0,0.0,0.12428914340886621
full_map,-57000.0,19000.0,0.12549176904048576
full_map,-57000.0,38000.0,0.1350327887834161
full_map,-57000.0,57000.0,0.16158357225766437
full_map,-57000.0,76000.0,0.23075495158168816
full_map,-38000.0,-76000.0,0.13567893062441316
full_map,-38000.0,-57000.0,0.12075167870932853
full_map,-38000.0,-38000.0,0.11419849063754718
full_map,-38000.0,-19000.0,0.113142782290298
full_map,-38000.0,0.0,0.11130623646465859
full_map,-38000.0,19000.0,0.11121982153794177
full_map,-38000.0,38000.0,0.1169638248315091
full_map,-38000.0,57000.0,0.13214384487406197
full_map,-38000.0,76000.0,0.16772842618239692
full_map,-19000.0,-95000.0,0.16861382189647903
full_map,-19000.0,-76000.0,0.11825939277024457
full_map,-19000.0,-57000.0,0.10657949617870764
full_map,-19000.0,-38000.0,0.10342266575536894
full_map,-19000.0,-19000.0,0.10237225207867921
full_map,-19000.0,0.0,0.10391441764315523
full_map,-19000.0,19000.0,0.10696982459413341
full_map,-19000.0,38000.0,0.11139963290601954
full_map,-19000.0,57000.0,0.12064572002365717
full_map,-19000.0,76000.0,0.14325317575673396
full_map,-19000.0,95000.0,0.23234280268829383
full_map,0.0,-95000.0,0.14807838360316283
full_map,0.0,-76000.0,0.11007900590185814
full_map,0.0,-57000.0,0.10255257305505984
full_map,0.0,-38000.0,0.10021649863296025
full_map,0.0,-19000.0,0.09932947730834372
full_map,0.0,0.0,0.10400358111389724
full_map,0.0,19000.0,0.10423815328886016
full_map,0.0,38000.0,0.1048530787231467
full_map,0.0,57000.0,0.11115315530796899
full_map,0.0,76000.0,0.13347338579093784
full_map,0.0,95000.0,0.2112085955313695
full_map,19000.0,-95000.0,0.16901830837378082
full_map,19000.0,-76000.0,0.1132252571647073
full_map,19000.0,-57000.0,0.10821178561778327
full_map,19000.0,-38000.0,0.10284556561620467
full_map,19000.0,-19000.0,0.1012382494410736
full_map,19000.0,0.0,0.09993102918132193
full_map,19000.0,19000.0,0.09944651452227954
full_map,19000.0,38000.0,0.1022155166924343
full_map,19000.0,57000.0,0.10922223951789967
full_map,19000.0,76000.0,0.13035500623861038
full_map,19000.0,95000.0,0.20902948504841287
full_map,38000.0,-76000.0,0.13021878931304756
full_map,38000.0,-57000.0,0.12103869843204813
full_map,38000.0,-38000.0,0.1143767866977515
full_map,38000.0,-19000.0,0.10794227131095836
full_map,38000.0,0.0,0.10414411727900488
full_map,38000.0,19000.0,0.10432917591253582
full_map,38000.0,38000.0,0.10624056082088362
full_map,38000.0,57000.0,0.11495580266890636
full_map,38000.0,76000.0,0.14292925591825947
full_map,57000.0,-76000.0,0.16844130949766073
full_map,57000.0,-57000.0,0.1374803940616027
full_map,57000.0,-38000.0,0.1250700381784822
full_map,57000.0,-19000.0,0.11881239157924538
full_map,57000.0,0.0,0.1133851198250583
full_map,57000.0,19000.0,0.11179446676032362
full_map,57000.0,38000.0,0.12158177585884346
full_map,57000.0,57000.0,0.13502034731315157
full_map,57000.0,76000.0,0.20364188844776307
full_map,76000.0,-57000.0,0.17434731009325244
full_map,76000.0,-38000.0,0.14589307727094816
full_map,76000.0,-19000.0,0.1386481807076116
full_map,76000.0,0.0,0.13228627157741843
full_map,76000.0,19000.0,0.13094485967714362
full_map,76000.0,38000.0,0.14915498109013736
full_map,76000.0,57000.0,0.2043661221267187
full_map,95000.0,-19000.0,0.3691551775664903
full_map,95000.0,0.0,0.17968427229606412
full_map,95000.0,19000.0,0.21437335596742085
mean_shift,-95000.0,-19000.0,0.24071773776108776
mean_shift,-95000.0,0.0,0.2879856579712945
mean_shift,-95000.0,19000.0,0.2652430118732107
mean_shift,-76000.0,-57000.0,0.2416981059541115
mean_shift,-76000.0,-38000.0,0.4168970655345033
mean_shift,-76000.0,-19000.0,0.1554405749119015
mean_shift,-76000.0,0.0,0.15135492944339896
mean_shift,-76000.0,19000.0,0.1590048964565371
mean_shift,-76000.0,38000.0,0.19212613477532112
mean_shift,-76000.0,57000.0,0.3062530048244201
mean_shift,-57000.0,-76000.0,0.211683157664005
mean_shift,-57000.0,-57000.0,0.1448585333476714
mean_shift,-57000.0,-38000.0,0.1367826380412027
mean_shift,-57000.0,-19000.0,0.13418838758171361
mean_shift,-57000.0,0.0,0.12944152812623963
mean_shift,-57000.0,19000.0,0.128104483179341
mean_shift,-57000.0,38000.0,0.1349726921924769
mean_shift,-57000.0,57000.0,0.17066175883300874
mean_shift,-57000.0,76000.0,0.3029108578745504
mean_shift,-38000.0,-76000.0,0.13603953561073412
mean_shift,-38000.0,-57000.0,0.12921966948546323
mean_shift,-38000.0,-38000.0,0.13004735121225072
mean_shift,-38000.0,-19000.0,0.13154172536989936
mean_shift,-38000.0,0.0,0.1282743374563557
mean_shift,-38000.0,19000.0,0.12191636595304202
mean_shift,-38000.0,38000.0,0.12341702791619781
mean_shift,-38000.0,57000.0,0.13283762511637007
mean_shift,-38000.0,76000.0,0.18353316993219887
mean_shift,-19000.0,-95000.0,0.21397761514585548
mean_shift,-19000.0,-76000.0,0.12272170346767108
mean_shift,-19000.0,-57000.0,0.1239698651340583
mean_shift,-19000.0,-38000.0,0.12564275977770326
mean_shift,-19000.0,-19000.0,0.1265970948835258
mean_shift,-19000.0,0.0,0.12463817633947533
mean_shift,-19000.0,19000.0,0.12331163263881537
mean_shift,-19000.0,38000.0,0.12471860189347299
mean_shift,-19000.0,57000.0,0.12500494288197952
mean_shift,-19000.0,76000.0,0.14531764937775493
mean_shift,-19000.0,95000.0,0.25467511606221793
mean_shift,0.0,-95000.0,0.15856109585073364
mean_shift,0.0,-76000.0,0.11981729907701895
mean_shift,0.0,-57000.0,0.12052354122151178
mean_shift,0.0,-38000.0,0.12343053465466948
mean_shift,0.0,-19000.0,0.12335572288729009
mean_shift,0.0,0.0,0.12720325509429378
mean_shift,0.0,19000.0,0.12541470404367666
mean_shift,0.0,38000.0,0.11846806882502231
mean_shift,0.0,57000.0,0.11712054713836215
mean_shift,0.0,76000.0,0.13342618296350242
mean_shift,0.0,95000.0,0.2669191743345091
mean_shift,19000.0,-95000.0,0.22544857478714453
mean_shift,19000.0,-76000.0,0.1228456872910523
mean_shift,19000.0,-57000.0,0.12606649353481653
mean_shift,19000.0,-38000.0,0.12598755748859466
mean_shift,19000.0,-19000.0,0.12442220478302063
mean_shift,19000.0,0.0,0.12690122273785345
mean_shift,19000.0,19000.0,0.12445923584815445
mean_shift,19000.0,38000.0,0.11634243391528551
mean_shift,19000.0,57000.0,0.1136529703307998
mean_shift,19000.0,76000.0,0.13056566263535255
mean_shift,19000.0,95000.0,0.25621867416312055
mean_shift,38000.0,-76000.0,0.13390733871648736
mean_shift,38000.0,-57000.0,0.13509852616931628
mean_shift,38000.0,-38000.0,0.13265194795799193
mean_shift,38000.0,-19000.0,0.12990620788896914
mean_shift,38000.0,0.0,0.12704077871604885
mean_shift,38000.0,19000.0,0.1230403973792533
mean_shift,38000.0,38000.0,0.1166957783726008
mean_shift,38000.0,57000.0,0.11805396961302654
mean_shift,38000.0,76000.0,0.14551206246298817
mean_shift,57000.0,-76000.0,0.16838634417787068
mean_shift,57000.0,-57000.0,0.14384331114930202
mean_shift,57000.0,-38000.0,0.1380028529347973
mean_shift,57000.0,-19000.0,0.13453408370585837
mean_shift,57000.0,0.0,0.12900687406576924
mean_shift,57000.0,19000.0,0.1227091614793863
mean_shift,57000.0,38000.0,0.12691089337479228
mean_shift,57000.0,57000.0,0.13460612674865072
mean_shift,57000.0,76000.0,0.23832315124292924
mean_shift,76000.0,-57000.0,0.1753697407982363
mean_shift,76000.0,-38000.0,0.14816475229741846
mean_shift,76000.0,-19000.0,0.14394072583781634
mean_shift,76000.0,0.0,0.13653766169544437
mean_shift,76000.0,19000.0,0.13406311062684606
mean_shift,76000.0,38000.0,0.14801177934275478
mean_shift,76000.0,57000.0,0.2161502968159044
mean_shift,95000.0,-19000.0,0.3860119652102432
mean_shift,95000.0,0.0,0.18657617843848187
mean_shift,95000.0,19000.0,0.27804878513959586
oracle_true_mean_pca_reconstruction,-95000.0,-19000.0,0.12997076406189187
oracle_true_mean_pca_reconstruction,-95000.0,0.0,0.0666528713471322
oracle_true_mean_pca_reconstruction,-95000.0,19000.0,0.18475967433922455
oracle_true_mean_pca_reconstruction,-76000.0,-57000.0,0.06909920737578602
oracle_true_mean_pca_reconstruction,-76000.0,-38000.0,0.18121520932837568
oracle_true_mean_pca_reconstruction,-76000.0,-19000.0,0.06989480469649481
oracle_true_mean_pca_reconstruction,-76000.0,0.0,0.0676536137254956
oracle_true_mean_pca_reconstruction,-76000.0,19000.0,0.06360266933549029
oracle_true_mean_pca_reconstruction,-76000.0,38000.0,0.06285147765238541
oracle_true_mean_pca_reconstruction,-76000.0,57000.0,0.0703878790004106
oracle_true_mean_pca_reconstruction,-57000.0,-76000.0,0.04888889976422795
oracle_true_mean_pca_reconstruction,-57000.0,-57000.0,0.06261555713954267
oracle_true_mean_pca_reconstruction,-57000.0,-38000.0,0.06326649223027149
oracle_true_mean_pca_reconstruction,-57000.0,-19000.0,0.05668918661599549
oracle_true_mean_pca_reconstruction,-57000.0,0.0,0.05270496425775718
oracle_true_mean_pca_reconstruction,-57000.0,19000.0,0.04910324840425078
oracle_true_mean_pca_reconstruction,-57000.0,38000.0,0.05382629345269085
oracle_true_mean_pca_reconstruction,-57000.0,57000.0,0.06395569039521419
oracle_true_mean_pca_reconstruction,-57000.0,76000.0,0.07413195553070868
oracle_true_mean_pca_reconstruction,-38000.0,-76000.0,0.04235284429177411
oracle_true_mean_pca_reconstruction,-38000.0,-57000.0,0.047182205213337595
oracle_true_mean_pca_reconstruction,-38000.0,-38000.0,0.042733307494935265
oracle_true_mean_pca_reconstruction,-38000.0,-19000.0,0.04081232953288592
oracle_true_mean_pca_reconstruction,-38000.0,0.0,0.041157247956888666
oracle_true_mean_pca_reconstruction,-38000.0,19000.0,0.03811286834101009
oracle_true_mean_pca_reconstruction,-38000.0,38000.0,0.04304673756898685
oracle_true_mean_pca_reconstruction,-38000.0,57000.0,0.046708657482839075
oracle_true_mean_pca_reconstruction,-38000.0,76000.0,0.054506589304443326
oracle_true_mean_pca_reconstruction,-19000.0,-95000.0,0.06588404894520185
oracle_true_mean_pca_reconstruction,-19000.0,-76000.0,0.03231727398600222
oracle_true_mean_pca_reconstruction,-19000.0,-57000.0,0.029279569026459642
oracle_true_mean_pca_reconstruction,-19000.0,-38000.0,0.02695675716041247
oracle_true_mean_pca_reconstruction,-19000.0,-19000.0,0.025996820287642466
oracle_true_mean_pca_reconstruction,-19000.0,0.0,0.03641923511620216
oracle_true_mean_pca_reconstruction,-19000.0,19000.0,0.031605198676591506
oracle_true_mean_pca_reconstruction,-19000.0,38000.0,0.032067736748694564
oracle_true_mean_pca_reconstruction,-19000.0,57000.0,0.03376657504508327
oracle_true_mean_pca_reconstruction,-19000.0,76000.0,0.03941196356479957
oracle_true_mean_pca_reconstruction,-19000.0,95000.0,0.11510868686294685
oracle_true_mean_pca_reconstruction,0.0,-95000.0,0.04595904916452476
oracle_true_mean_pca_reconstruction,0.0,-76000.0,0.020798109468945194
oracle_true_mean_pca_reconstruction,0.0,-57000.0,0.015239685693700105
oracle_true_mean_pca_reconstruction,0.0,-38000.0,0.017889731425117992
oracle_true_mean_pca_reconstruction,0.0,-19000.0,0.022847244068132596
oracle_true_mean_pca_reconstruction,0.0,0.0,0.03870482247302915
oracle_true_mean_pca_reconstruction,0.0,19000.0,0.028186069291271855
oracle_true_mean_pca_reconstruction,0.0,38000.0,0.020249149990130763
oracle_true_mean_pca_reconstruction,0.0,57000.0,0.020110271639193492
oracle_true_mean_pca_reconstruction,0.0,76000.0,0.027711638640796933
oracle_true_mean_pca_reconstruction,0.0,95000.0,0.07052714965599885
oracle_true_mean_pca_reconstruction,19000.0,-95000.0,0.097513635648599
oracle_true_mean_pca_reconstruction,19000.0,-76000.0,0.03049991241958271
oracle_true_mean_pca_reconstruction,19000.0,-57000.0,0.02367852669630296
oracle_true_mean_pca_reconstruction,19000.0,-38000.0,0.01934049420486581
oracle_true_mean_pca_reconstruction,19000.0,-19000.0,0.02319147785730151
oracle_true_mean_pca_reconstruction,19000.0,0.0,0.02555961343523482
oracle_true_mean_pca_reconstruction,19000.0,19000.0,0.022015715959055836
oracle_true_mean_pca_reconstruction,19000.0,38000.0,0.013250468814382592
oracle_true_mean_pca_reconstruction,19000.0,57000.0,0.01327969971360437
oracle_true_mean_pca_reconstruction,19000.0,76000.0,0.0224070148338789
oracle_true_mean_pca_reconstruction,19000.0,95000.0,0.08517700234347023
oracle_true_mean_pca_reconstruction,38000.0,-76000.0,0.05200133091875969
oracle_true_mean_pca_reconstruction,38000.0,-57000.0,0.042518610562589536
oracle_true_mean_pca_reconstruction,38000.0,-38000.0,0.03614199081630625
oracle_true_mean_pca_reconstruction,38000.0,-19000.0,0.02908062516447166
oracle_true_mean_pca_reconstruction,38000.0,0.0,0.025401022567093937
oracle_true_mean_pca_reconstruction,38000.0,19000.0,0.026715556295238908
oracle_true_mean_pca_reconstruction,38000.0,38000.0,0.01958846097693101
oracle_true_mean_pca_reconstruction,38000.0,57000.0,0.021506675272004925
oracle_true_mean_pca_reconstruction,38000.0,76000.0,0.03912188364962634
oracle_true_mean_pca_reconstruction,57000.0,-76000.0,0.09362696005961203
oracle_true_mean_pca_reconstruction,57000.0,-57000.0,0.06257968785729022
oracle_true_mean_pca_reconstruction,57000.0,-38000.0,0.05076816859585536
oracle_true_mean_pca_reconstruction,57000.0,-19000.0,0.04349627083303047
oracle_true_mean_pca_reconstruction,57000.0,0.0,0.03540856676128494
oracle_true_mean_pca_reconstruction,57000.0,19000.0,0.032371915620200316
oracle_true_mean_pca_reconstruction,57000.0,38000.0,0.03850982191592686
oracle_true_mean_pca_reconstruction,57000.0,57000.0,0.04412855248794909
oracle_true_mean_pca_reconstruction,57000.0,76000.0,0.1021908620375224
oracle_true_mean_pca_reconstruction,76000.0,-57000.0,0.10226391118778681
oracle_true_mean_pca_reconstruction,76000.0,-38000.0,0.07353292130456378
oracle_true_mean_pca_reconstruction,76000.0,-19000.0,0.06248252197833666
oracle_true_mean_pca_reconstruction,76000.0,0.0,0.05402681926361415
oracle_true_mean_pca_reconstruction,76000.0,19000.0,0.04886431669563208
oracle_true_mean_pca_reconstruction,76000.0,38000.0,0.06136721450675116
oracle_true_mean_pca_reconstruction,76000.0,57000.0,0.10411650377216532
oracle_true_mean_pca_reconstruction,95000.0,-19000.0,0.13856815629310895
oracle_true_mean_pca_reconstruction,95000.0,0.0,0.10955246968925068
oracle_true_mean_pca_reconstruction,95000.0,19000.0,0.1505070200282412
oracle_true_mean_zero_residual,-95000.0,-19000.0,0.16938158158637506
oracle_true_mean_zero_residual,-95000.0,0.0,0.21887321857961856
oracle_true_mean_zero_residual,-95000.0,19000.0,0.20702237014277472
oracle_true_mean_zero_residual,-76000.0,-57000.0,0.17626138721204326
oracle_true_mean_zero_residual,-76000.0,-38000.0,0.3660181731116455
oracle_true_mean_zero_residual,-76000.0,-19000.0,0.06969696396764334
oracle_true_mean_zero_residual,-76000.0,0.0,0.06628010663680627
oracle_true_mean_zero_residual,-76000.0,19000.0,0.06900110767752347
oracle_true_mean_zero_residual,-76000.0,38000.0,0.10612314894001171
oracle_true_mean_zero_residual,-76000.0,57000.0,0.2372089711170626
oracle_true_mean_zero_residual,-57000.0,-76000.0,0.1405585360885796
oracle_true_mean_zero_residual,-57000.0,-57000.0,0.06024338152362787
oracle_true_mean_zero_residual,-57000.0,-38000.0,0.0640954758170874
oracle_true_mean_zero_residual,-57000.0,-19000.0,0.06671132854013698
oracle_true_mean_zero_residual,-57000.0,0.0,0.06383357992974
oracle_true_mean_zero_residual,-57000.0,19000.0,0.05474654638667948
oracle_true_mean_zero_residual,-57000.0,38000.0,0.051252805753758596
oracle_true_mean_zero_residual,-57000.0,57000.0,0.0814676562258874
oracle_true_mean_zero_residual,-57000.0,76000.0,0.23155224468794489
oracle_true_mean_zero_residual,-38000.0,-76000.0,0.042274480403052615
oracle_true_mean_zero_residual,-38000.0,-57000.0,0.06141031701462256
oracle_true_mean_zero_residual,-38000.0,-38000.0,0.07497192627465674
oracle_true_mean_zero_residual,-38000.0,-19000.0,0.08008820709110993
oracle_true_mean_zero_residual,-38000.0,0.0,0.07846215469864205
oracle_true_mean_zero_residual,-38000.0,19000.0,0.06860801448468455
oracle_true_mean_zero_residual,-38000.0,38000.0,0.057742698600429083
oracle_true_mean_zero_residual,-38000.0,57000.0,0.044575312836237835
oracle_true_mean_zero_residual,-38000.0,76000.0,0.0961089969798028
oracle_true_mean_zero_residual,-19000.0,-95000.0,0.15104534721222976
oracle_true_mean_zero_residual,-19000.0,-76000.0,0.04468512686437749
oracle_true_mean_zero_residual,-19000.0,-57000.0,0.07279393476847656
oracle_true_mean_zero_residual,-19000.0,-38000.0,0.08312734977178447
oracle_true_mean_zero_residual,-19000.0,-19000.0,0.08570631094596254
oracle_true_mean_zero_residual,-19000.0,0.0,0.08705367944943115
oracle_true_mean_zero_residual,-19000.0,19000.0,0.07654057207311737
oracle_true_mean_zero_residual,-19000.0,38000.0,0.06432435540501778
oracle_true_mean_zero_residual,-19000.0,57000.0,0.04672971166259918
oracle_true_mean_zero_residual,-19000.0,76000.0,0.04845506315014913
oracle_true_mean_zero_residual,-19000.0,95000.0,0.18875287393768103
oracle_true_mean_zero_residual,0.0,-95000.0,0.08277393462035108
oracle_true_mean_zero_residual,0.0,-76000.0,0.05463635413056991
oracle_true_mean_zero_residual,0.0,-57000.0,0.07801549905139242
oracle_true_mean_zero_residual,0.0,-38000.0,0.08762662966330166
oracle_true_mean_zero_residual,0.0,-19000.0,0.08868048438192408
oracle_true_mean_zero_residual,0.0,0.0,0.0906497514509614
oracle_true_mean_zero_residual,0.0,19000.0,0.08221423279211476
oracle_true_mean_zero_residual,0.0,38000.0,0.06889669422989154
oracle_true_mean_zero_residual,0.0,57000.0,0.04815100687192702
oracle_true_mean_zero_residual,0.0,76000.0,0.02834322310798587
oracle_true_mean_zero_residual,0.0,95000.0,0.19897311240530294
oracle_true_mean_zero_residual,19000.0,-95000.0,0.17487063668151
oracle_true_mean_zero_residual,19000.0,-76000.0,0.06430814775468113
oracle_true_mean_zero_residual,19000.0,-57000.0,0.0883460163221907
oracle_true_mean_zero_residual,19000.0,-38000.0,0.09491192161718022
oracle_true_mean_zero_residual,19000.0,-19000.0,0.0972824795951548
oracle_true_mean_zero_residual,19000.0,0.0,0.09598586091349146
oracle_true_mean_zero_residual,19000.0,19000.0,0.08858775137534773
oracle_true_mean_zero_residual,19000.0,38000.0,0.07047404493141261
oracle_true_mean_zero_residual,19000.0,57000.0,0.04757045387674799
oracle_true_mean_zero_residual,19000.0,76000.0,0.02468019581652723
oracle_true_mean_zero_residual,19000.0,95000.0,0.20022656834289723
oracle_true_mean_zero_residual,38000.0,-76000.0,0.06386189906422292
oracle_true_mean_zero_residual,38000.0,-57000.0,0.08930485160296442
oracle_true_mean_zero_residual,38000.0,-38000.0,0.10001614407347681
oracle_true_mean_zero_residual,38000.0,-19000.0,0.09952297069840975
oracle_true_mean_zero_residual,38000.0,0.0,0.09579368793570749
oracle_true_mean_zero_residual,38000.0,19000.0,0.08602203235298775
oracle_true_mean_zero_residual,38000.0,38000.0,0.06909750406924099
oracle_true_mean_zero_residual,38000.0,57000.0,0.043060321435633965
oracle_true_mean_zero_residual,38000.0,76000.0,0.0503532344735633
oracle_true_mean_zero_residual,57000.0,-76000.0,0.09127160451844261
oracle_true_mean_zero_residual,57000.0,-57000.0,0.08136368688084565
oracle_true_mean_zero_residual,57000.0,-38000.0,0.09216674616747947
oracle_true_mean_zero_residual,57000.0,-19000.0,0.09474777559689183
oracle_true_mean_zero_residual,57000.0,0.0,0.08899412271809724
oracle_true_mean_zero_residual,57000.0,19000.0,0.07781098666013078
oracle_true_mean_zero_residual,57000.0,38000.0,0.06383876657561319
oracle_true_mean_zero_residual,57000.0,57000.0,0.04392653369725818
oracle_true_mean_zero_residual,57000.0,76000.0,0.1723035984738984
oracle_true_mean_zero_residual,76000.0,-57000.0,0.10524530093017793
oracle_true_mean_zero_residual,76000.0,-38000.0,0.07686396978934251
oracle_true_mean_zero_residual,76000.0,-19000.0,0.07886366036221917
oracle_true_mean_zero_residual,76000.0,0.0,0.07281670313016697
oracle_true_mean_zero_residual,76000.0,19000.0,0.0605196980727305
oracle_true_mean_zero_residual,76000.0,38000.0,0.05729135585803698
oracle_true_mean_zero_residual,76000.0,57000.0,0.15403072349447014
oracle_true_mean_zero_residual,95000.0,-19000.0,0.3482928011246985
oracle_true_mean_zero_residual,95000.0,0.0,0.1248536431277213
oracle_true_mean_zero_residual,95000.0,19000.0,0.23070729550548305
template,-95000.0,-19000.0,0.4489164862435075
template,-95000.0,0.0,0.5421372262668387
template,-95000.0,19000.0,0.4575325250698663
template,-76000.0,-57000.0,0.49440164634943073
template,-76000.0,-38000.0,0.6025151837086956
template,-76000.0,-19000.0,0.3725336599581846
template,-76000.0,0.0,0.36877268247343814
template,-76000.0,19000.0,0.38432912938276137
template,-76000.0,38000.0,0.43124901602591115
template,-76000.0,57000.0,0.5587606463683993
template,-57000.0,-76000.0,0.46744617919000786
template,-57000.0,-57000.0,0.3545614108992263
template,-57000.0,-38000.0,0.32467170435050097
template,-57000.0,-19000.0,0.3124226508196442
template,-57000.0,0.0,0.3113372310179265
template,-57000.0,19000.0,0.32078229227163674
template,-57000.0,38000.0,0.3470690682696434
template,-57000.0,57000.0,0.4000173927903939
template,-57000.0,76000.0,0.5527539741903676
template,-38000.0,-76000.0,0.35604159938163116
template,-38000.0,-57000.0,0.3074343847608102
template,-38000.0,-38000.0,0.2900158731563804
template,-38000.0,-19000.0,0.2834080923296115
template,-38000.0,0.0,0.28258478278050947
template,-38000.0,19000.0,0.29307536382394095
template,-38000.0,38000.0,0.30802097222397945
template,-38000.0,57000.0,0.34140022452591173
template,-38000.0,76000.0,0.4208254495555901
template,-19000.0,-95000.0,0.474760870182355
template,-19000.0,-76000.0,0.31736917533942965
template,-19000.0,-57000.0,0.2848937751067507
template,-19000.0,-38000.0,0.27314517265435073
template,-19000.0,-19000.0,0.26845353048849974
template,-19000.0,0.0,0.26855839988071145
template,-19000.0,19000.0,0.2784670079393177
template,-19000.0,38000.0,0.2914818840969153
template,-19000.0,57000.0,0.3172399287087309
template,-19000.0,76000.0,0.3739605428494009
template,-19000.0,95000.0,0.49434779798260836
template,0.0,-95000.0,0.41244313987700104
template,0.0,-76000.0,0.30315860252616494
template,0.0,-57000.0,0.27677070519143304
template,0.0,-38000.0,0.26542017449849875
template,0.0,-19000.0,0.2643886896858414
template,0.0,0.0,0.26469983502784183
template,0.0,19000.0,0.2687951374574793
template,0.0,38000.0,0.28044183448408116
template,0.0,57000.0,0.3029796267255431
template,0.0,76000.0,0.35584659924180895
template,0.0,95000.0,0.5164172538701908
template,19000.0,-95000.0,0.4908171310229877
template,19000.0,-76000.0,0.29954156107605406
template,19000.0,-57000.0,0.2732573126240849
template,19000.0,-38000.0,0.26283103736980296
template,19000.0,-19000.0,0.26014786879786816
template,19000.0,0.0,0.25711393848767156
template,19000.0,19000.0,0.26287828279315806
template,19000.0,38000.0,0.2783666277288113
template,19000.0,57000.0,0.30234471428668996
template,19000.0,76000.0,0.35679810185954836
template,19000.0,95000.0,0.5243418481975979
template,38000.0,-76000.0,0.3175077248173762
template,38000.0,-57000.0,0.2823384077947377
template,38000.0,-38000.0,0.2686421822375932
template,38000.0,-19000.0,0.2613930437705756
template,38000.0,0.0,0.26093794765361217
template,38000.0,19000.0,0.2687019060053873
template,38000.0,38000.0,0.28474495019748275
template,38000.0,57000.0,0.31492440596092197
template,38000.0,76000.0,0.3800752018332598
template,57000.0,-76000.0,0.3886444706664643
template,57000.0,-57000.0,0.3056805305980935
template,57000.0,-38000.0,0.2834030856274514
template,57000.0,-19000.0,0.2737035901283539
template,57000.0,0.0,0.27460658039218244
template,57000.0,19000.0,0.2825898624299433
template,57000.0,38000.0,0.304703945822623
template,57000.0,57000.0,0.348349345287829
template,57000.0,76000.0,0.491419427789716
template,76000.0,-57000.0,0.4025010904989827
template,76000.0,-38000.0,0.32220887872161846
template,76000.0,-19000.0,0.30682081125625316
template,76000.0,0.0,0.30708272821523513
template,76000.0,19000.0,0.3191863652646105
template,76000.0,38000.0,0.3491980534606391
template,76000.0,57000.0,0.46565469463257775
template,95000.0,-19000.0,0.6362471540795827
template,95000.0,0.0,0.4299842996138878
template,95000.0,19000.0,0.5405370026597874
