lot_number,policy,requested_budget,selected_wafers,actual_metrology_fraction,retained_mae,random_p025,random_p975
1,random,0.0,0,0.0,0.16326161674759845,0.16326161674759848,0.16326161674759848
1,random,0.1,1,0.1111111111111111,0.16312197675851745,0.15280382690271,0.17294405135233268
1,random,0.2,2,0.2222222222222222,0.16309890910270583,0.14588948333087468,0.18087095772661715
1,random,0.3,3,0.3333333333333333,0.16315633626389822,0.14107752929886783,0.18257282734268032
1,random,0.4,4,0.4444444444444444,0.1630955942482421,0.13820956023667458,0.18979329791505034
1,random,0.5,4,0.4444444444444444,0.1630955942482421,0.13820956023667458,0.18979329791505034
1,random,0.6,5,0.5555555555555556,0.16305092215521494,0.13009701528828366,0.19457668738625336
1,random,0.7,6,0.6666666666666666,0.1631712352745129,0.12463919555743476,0.20626263581416718
1,random,0.8,7,0.7777777777777778,0.16303531876856608,0.10162892332103304,0.2240640837061317
1,random,0.9,8,0.8888888888888888,0.16352481901157392,0.08580213990972468,0.24692393550670616
1,periodic,0.0,0,0.0,0.16326161674759848,,
1,periodic,0.1,1,0.1111111111111111,0.1654378540207141,,
1,periodic,0.2,2,0.2222222222222222,0.1722924464904816,,
1,periodic,0.3,3,0.3333333333333333,0.17188098631840923,,
1,periodic,0.4,4,0.4444444444444444,0.16410320599154754,,
1,periodic,0.5,4,0.4444444444444444,0.16410320599154754,,
1,periodic,0.6,5,0.5555555555555556,0.17463996062350615,,
1,periodic,0.7,6,0.6666666666666666,0.1625966515137689,,
1,periodic,0.8,7,0.7777777777777778,0.16636303770821542,,
1,periodic,0.9,8,0.8888888888888888,0.17476120752291582,,
1,ood,0.0,0,0.0,0.16326161674759848,,
1,ood,0.1,1,0.1111111111111111,0.1623368513372685,,
1,ood,0.2,2,0.2222222222222222,0.16469187030506777,,
1,ood,0.3,3,0.3333333333333333,0.16141937142756635,,
1,ood,0.4,4,0.4444444444444444,0.14431845861173836,,
1,ood,0.5,4,0.4444444444444444,0.14431845861173836,,
1,ood,0.6,5,0.5555555555555556,0.15894753828724179,,
1,ood,0.7,6,0.6666666666666666,0.14486197374780332,,
1,ood,0.8,7,0.7777777777777778,0.1461084571276286,,
1,ood,0.9,8,0.8888888888888888,0.1174557067323414,,
1,initial_state,0.0,0,0.0,0.16326161674759848,,
1,initial_state,0.1,1,0.1111111111111111,0.1654378540207141,,
1,initial_state,0.2,2,0.2222222222222222,0.16469187030506777,,
1,initial_state,0.3,3,0.3333333333333333,0.17784015870429162,,
1,initial_state,0.4,4,0.4444444444444444,0.17845594894056677,,
1,initial_state,0.5,4,0.4444444444444444,0.17845594894056677,,
1,initial_state,0.6,5,0.5555555555555556,0.16133895229903195,,
1,initial_state,0.7,6,0.6666666666666666,0.16766226740265835,,
1,initial_state,0.8,7,0.7777777777777778,0.15089128515120892,,
1,initial_state,0.9,8,0.8888888888888888,0.1174557067323414,,
1,delta,0.0,0,0.0,0.16326161674759848,,
1,delta,0.1,1,0.1111111111111111,0.1623368513372685,,
1,delta,0.2,2,0.2222222222222222,0.16518940052999934,,
1,delta,0.3,3,0.3333333333333333,0.1684123475245536,,
1,delta,0.4,4,0.4444444444444444,0.1652294443154491,,
1,delta,0.5,4,0.4444444444444444,0.1652294443154491,,
1,delta,0.6,5,0.5555555555555556,0.16284650351358237,,
1,delta,0.7,6,0.6666666666666666,0.18852795804820163,,
1,delta,0.8,7,0.7777777777777778,0.15932996931894933,,
1,delta,0.9,8,0.8888888888888888,0.20120423190555725,,
1,ewma,0.0,0,0.0,0.16326161674759848,,
1,ewma,0.1,1,0.1111111111111111,0.1623368513372685,,
1,ewma,0.2,2,0.2222222222222222,0.15025298217020597,,
1,ewma,0.3,3,0.3333333333333333,0.1509865261047947,,
1,ewma,0.4,4,0.4444444444444444,0.14623158982117052,,
1,ewma,0.5,4,0.4444444444444444,0.14623158982117052,,
1,ewma,0.6,5,0.5555555555555556,0.14719723552942493,,
1,ewma,0.7,6,0.6666666666666666,0.12919490340404752,,
1,ewma,0.8,7,0.7777777777777778,0.15089128515120892,,
1,ewma,0.9,8,0.8888888888888888,0.1174557067323414,,
1,disagreement,0.0,0,0.0,0.16326161674759848,,
1,disagreement,0.1,1,0.1111111111111111,0.16587319296752917,,
1,disagreement,0.2,2,0.2222222222222222,0.17731191483292982,,
1,disagreement,0.3,3,0.3333333333333333,0.17773703271793218,,
1,disagreement,0.4,4,0.4444444444444444,0.17915249125547097,,
1,disagreement,0.5,4,0.4444444444444444,0.17915249125547097,,
1,disagreement,0.6,5,0.5555555555555556,0.1874776844286703,,
1,disagreement,0.7,6,0.6666666666666666,0.18290216860304134,,
1,disagreement,0.8,7,0.7777777777777778,0.15089128515120892,,
1,disagreement,0.9,8,0.8888888888888888,0.18432686357007644,,
1,combined,0.0,0,0.0,0.16326161674759848,,
1,combined,0.1,1,0.1111111111111111,0.1623368513372685,,
1,combined,0.2,2,0.2222222222222222,0.16469187030506777,,
1,combined,0.3,3,0.3333333333333333,0.1684123475245536,,
1,combined,0.4,4,0.4444444444444444,0.15271002992812313,,
1,combined,0.5,4,0.4444444444444444,0.15271002992812313,,
1,combined,0.6,5,0.5555555555555556,0.16943700243272272,,
1,combined,0.7,6,0.6666666666666666,0.16766226740265835,,
1,combined,0.8,7,0.7777777777777778,0.15089128515120892,,
1,combined,0.9,8,0.8888888888888888,0.1174557067323414,,
1,training_weighted_candidate,0.0,0,0.0,0.16326161674759848,,
1,training_weighted_candidate,0.1,1,0.1111111111111111,0.16587319296752917,,
1,training_weighted_candidate,0.2,2,0.2222222222222222,0.16518940052999934,,
1,training_weighted_candidate,0.3,3,0.3333333333333333,0.17842061063337844,,
1,training_weighted_candidate,0.4,4,0.4444444444444444,0.17915249125547097,,
1,training_weighted_candidate,0.5,4,0.4444444444444444,0.17915249125547097,,
1,training_weighted_candidate,0.6,5,0.5555555555555556,0.1874776844286703,,
1,training_weighted_candidate,0.7,6,0.6666666666666666,0.16766226740265835,,
1,training_weighted_candidate,0.8,7,0.7777777777777778,0.15932996931894933,,
1,training_weighted_candidate,0.9,8,0.8888888888888888,0.1174557067323414,,
1,oracle,0.0,0,0.0,0.16326161674759848,,
1,oracle,0.1,1,0.1111111111111111,0.15280382690271,,
1,oracle,0.2,2,0.2222222222222222,0.14588948333087468,,
1,oracle,0.3,3,0.3333333333333333,0.13948325329100772,,
1,oracle,0.4,4,0.4444444444444444,0.13242766244462612,,
1,oracle,0.5,4,0.4444444444444444,0.13242766244462612,,
1,oracle,0.6,5,0.5555555555555556,0.12286964304822309,,
1,oracle,0.7,6,0.6666666666666666,0.11520895121007295,,
1,oracle,0.8,7,0.7777777777777778,0.10162892332103304,,
1,oracle,0.9,8,0.8888888888888888,0.08580213990972468,,
2,random,0.0,0,0.0,0.10482700756621782,0.10482700756621781,0.10482700756621781
2,random,0.1,1,0.1,0.10490102034190572,0.09185448846962621,0.10982989908603005
2,random,0.2,2,0.2,0.10481243289894651,0.09010666197644142,0.11349271885009263
2,random,0.3,3,0.3,0.10485065179548948,0.08428697874873907,0.11943121707637273
2,random,0.4,4,0.4,0.1048087227559248,0.0824553849783669,0.12353882038359225
2,random,0.5,5,0.5,0.10473492183427427,0.07998934252742915,0.12993081562919503
2,random,0.6,6,0.6,0.10467629543651304,0.07588166518140273,0.13838444144799422
2,random,0.7,7,0.7,0.1048113619374795,0.07310054084556254,0.15275374147366824
2,random,0.8,8,0.8,0.10473817215865219,0.07016416243071863,0.16370838992532347
2,random,0.9,9,0.9,0.10418755940033553,0.05980098388790782,0.22157967943554244
2,periodic,0.0,0,0.0,0.10482700756621781,,
2,periodic,0.1,1,0.1,0.09185448846962621,,
2,periodic,0.2,2,0.2,0.09010666197644142,,
2,periodic,0.3,3,0.3,0.09147513640542883,,
2,periodic,0.4,4,0.4,0.08698815555111387,,
2,periodic,0.5,5,0.5,0.09637921207707943,,
2,periodic,0.6,6,0.6,0.09820745361012934,,
2,periodic,0.7,7,0.7,0.08373127920429281,,
2,periodic,0.8,8,0.8,0.07921494722630237,,
2,periodic,0.9,9,0.9,0.08906624594487982,,
2,ood,0.0,0,0.0,0.10482700756621781,,
2,ood,0.1,1,0.1,0.09185448846962621,,
2,ood,0.2,2,0.2,0.09100768570774237,,
2,ood,0.3,3,0.3,0.08939069684026403,,
2,ood,0.4,4,0.4,0.08902600562104497,,
2,ood,0.5,5,0.5,0.08901795755627799,,
2,ood,0.6,6,0.6,0.09605451492432679,,
2,ood,0.7,7,0.7,0.10123023957459258,,
2,ood,0.8,8,0.8,0.12194486741793494,,
2,ood,0.9,9,0.9,0.13805263442076537,,
2,initial_state,0.0,0,0.0,0.10482700756621781,,
2,initial_state,0.1,1,0.1,0.09185448846962621,,
2,initial_state,0.2,2,0.2,0.09572733351781912,,
2,initial_state,0.3,3,0.3,0.0953128225111223,,
2,initial_state,0.4,4,0.4,0.0959351522370463,,
2,initial_state,0.5,5,0.5,0.09395476260143465,,
2,initial_state,0.6,6,0.6,0.09186180130677062,,
2,initial_state,0.7,7,0.7,0.10254874044639155,,
2,initial_state,0.8,8,0.8,0.08479679345920463,,
2,initial_state,0.9,9,0.9,0.08052734097352945,,
2,delta,0.0,0,0.0,0.10482700756621781,,
2,delta,0.1,1,0.1,0.1051048297646764,,
2,delta,0.2,2,0.2,0.11063396747475057,,
2,delta,0.3,3,0.3,0.11493491411778219,,
2,delta,0.4,4,0.4,0.1241239024894279,,
2,delta,0.5,5,0.5,0.10463274710020498,,
2,delta,0.6,6,0.6,0.10789622283636166,,
2,delta,0.7,7,0.7,0.1085825969767807,,
2,delta,0.8,8,0.8,0.11834077249273114,,
2,delta,0.9,9,0.9,0.09862891056469691,,
2,ewma,0.0,0,0.0,0.10482700756621781,,
2,ewma,0.1,1,0.1,0.1051048297646764,,
2,ewma,0.2,2,0.2,0.11063396747475057,,
2,ewma,0.3,3,0.3,0.11234897560475825,,
2,ewma,0.4,4,0.4,0.09414385829962756,,
2,ewma,0.5,5,0.5,0.10101243318197148,,
2,ewma,0.6,6,0.6,0.106133706234082,,
2,ewma,0.7,7,0.7,0.11182285966381607,,
2,ewma,0.8,8,0.8,0.09870797228534141,,
2,ewma,0.9,9,0.9,0.1058371004151045,,
2,disagreement,0.0,0,0.0,0.10482700756621781,,
2,disagreement,0.1,1,0.1,0.09185448846962621,,
2,disagreement,0.2,2,0.2,0.09054547355581813,,
2,disagreement,0.3,3,0.3,0.09039784918442383,,
2,disagreement,0.4,4,0.4,0.09204293388623956,,
2,disagreement,0.5,5,0.5,0.0926382714745115,,
2,disagreement,0.6,6,0.6,0.10057990732211866,,
2,disagreement,0.7,7,0.7,0.0988275096244567,,
2,disagreement,0.8,8,0.8,0.07921494722630237,,
2,disagreement,0.9,9,0.9,0.09862891056469691,,
2,combined,0.0,0,0.0,0.10482700756621781,,
2,combined,0.1,1,0.1,0.09185448846962621,,
2,combined,0.2,2,0.2,0.09054547355581813,,
2,combined,0.3,3,0.3,0.09478458005178032,,
2,combined,0.4,4,0.4,0.10061517941242572,,
2,combined,0.5,5,0.5,0.10101243318197148,,
2,combined,0.6,6,0.6,0.10337083043856979,,
2,combined,0.7,7,0.7,0.11098532692691658,,
2,combined,0.8,8,0.8,0.1135594401828226,,
2,combined,0.9,9,0.9,0.13805263442076537,,
2,training_weighted_candidate,0.0,0,0.0,0.10482700756621781,,
2,training_weighted_candidate,0.1,1,0.1,0.1051048297646764,,
2,training_weighted_candidate,0.2,2,0.2,0.11063396747475057,,
2,training_weighted_candidate,0.3,3,0.3,0.09478458005178032,,
2,training_weighted_candidate,0.4,4,0.4,0.09716078656482213,,
2,training_weighted_candidate,0.5,5,0.5,0.10463274710020498,,
2,training_weighted_candidate,0.6,6,0.6,0.10789622283636166,,
2,training_weighted_candidate,0.7,7,0.7,0.11417288180018892,,
2,training_weighted_candidate,0.8,8,0.8,0.11834077249273114,,
2,training_weighted_candidate,0.9,9,0.9,0.09862891056469691,,
2,oracle,0.0,0,0.0,0.10482700756621781,,
2,oracle,0.1,1,0.1,0.09185448846962621,,
2,oracle,0.2,2,0.2,0.0860797202257338,,
2,oracle,0.3,3,0.3,0.08325723734153799,,
2,oracle,0.4,4,0.4,0.08007900893511254,,
2,oracle,0.5,5,0.5,0.07636902860919566,,
2,oracle,0.6,6,0.6,0.07256657472259999,,
2,oracle,0.7,7,0.7,0.06706668431517337,,
2,oracle,0.8,8,0.8,0.060336355985995335,,
2,oracle,0.9,9,0.9,0.05980098388790782,,
3,random,0.0,0,0.0,0.14133134129027608,0.14133134129027605,0.14133134129027605
3,random,0.1,1,0.1,0.1413968054233268,0.12017673768679558,0.15204934964470299
3,random,0.2,2,0.2,0.14137934530897214,0.11354822527884154,0.16075425817438188
3,random,0.3,3,0.3,0.1412408497680676,0.10632569679426677,0.16708022592750507
3,random,0.4,4,0.4,0.1413336579051248,0.09907691380550998,0.17907780807123339
3,random,0.5,5,0.5,0.1413015418294197,0.09236518689221726,0.18972985261134706
3,random,0.6,6,0.6,0.14158166833100214,0.0845879417228866,0.20471298251742515
3,random,0.7,7,0.7,0.14165830680342661,0.08125061047007498,0.22301117844763096
3,random,0.8,8,0.8,0.1415130315330771,0.06363967375385268,0.2524638053360141
3,random,0.9,9,0.9,0.14148405579651976,0.044869266100433444,0.33172277372160025
3,periodic,0.0,0,0.0,0.14133134129027605,,
3,periodic,0.1,1,0.1,0.13778984177248138,,
3,periodic,0.2,2,0.2,0.11354822527884154,,
3,periodic,0.3,3,0.3,0.1108214648369655,,
3,periodic,0.4,4,0.4,0.12458980830193213,,
3,periodic,0.5,5,0.5,0.1133550126174921,,
3,periodic,0.6,6,0.6,0.11123267202805,,
3,periodic,0.7,7,0.7,0.12263083259255635,,
3,periodic,0.8,8,0.8,0.10448759538564908,,
3,periodic,0.9,9,0.9,0.1218443749752605,,
3,ood,0.0,0,0.0,0.14133134129027605,,
3,ood,0.1,1,0.1,0.13778984177248138,,
3,ood,0.2,2,0.2,0.11354822527884154,,
3,ood,0.3,3,0.3,0.1108214648369655,,
3,ood,0.4,4,0.4,0.10194072153131566,,
3,ood,0.5,5,0.5,0.1058468495561244,,
3,ood,0.6,6,0.6,0.12109124542004715,,
3,ood,0.7,7,0.7,0.09439537499273785,,
3,ood,0.8,8,0.8,0.08067087500147652,,
3,ood,0.9,9,0.9,0.0829048789910856,,
3,initial_state,0.0,0,0.0,0.14133134129027605,,
3,initial_state,0.1,1,0.1,0.14229754050342075,,
3,initial_state,0.2,2,0.2,0.13843412844754485,,
3,initial_state,0.3,3,0.3,0.1108214648369655,,
3,initial_state,0.4,4,0.4,0.09576189952613061,,
3,initial_state,0.5,5,0.5,0.09833330363313961,,
3,initial_state,0.6,6,0.6,0.11169931301631614,,
3,initial_state,0.7,7,0.7,0.09423044246479995,,
3,initial_state,0.8,8,0.8,0.10014062299356397,,
3,initial_state,0.9,9,0.9,0.1218443749752605,,
3,delta,0.0,0,0.0,0.14133134129027605,,
3,delta,0.1,1,0.1,0.14229754050342075,,
3,delta,0.2,2,0.2,0.1448541861944408,,
3,delta,0.3,3,0.3,0.13680780469336445,,
3,delta,0.4,4,0.4,0.13225811803044776,,
3,delta,0.5,5,0.5,0.09236518689221726,,
3,delta,0.6,6,0.6,0.0721552743776646,,
3,delta,0.7,7,0.7,0.0685720728398576,,
3,delta,0.8,8,0.8,0.06363967375385268,,
3,delta,0.9,9,0.9,0.044869266100433444,,
3,ewma,0.0,0,0.0,0.14133134129027605,,
3,ewma,0.1,1,0.1,0.14229754050342075,,
3,ewma,0.2,2,0.2,0.13493737597860148,,
3,ewma,0.3,3,0.3,0.1307704404511353,,
3,ewma,0.4,4,0.4,0.12369804103458652,,
3,ewma,0.5,5,0.5,0.12406877424645173,,
3,ewma,0.6,6,0.6,0.1354767500550978,,
3,ewma,0.7,7,0.7,0.1531656396043731,,
3,ewma,0.8,8,0.8,0.18829601991101685,,
3,ewma,0.9,9,0.9,0.044869266100433444,,
3,disagreement,0.0,0,0.0,0.14133134129027605,,
3,disagreement,0.1,1,0.1,0.13778984177248138,,
3,disagreement,0.2,2,0.2,0.12986621490629469,,
3,disagreement,0.3,3,0.3,0.12497482779707039,,
3,disagreement,0.4,4,0.4,0.1319864859314012,,
3,disagreement,0.5,5,0.5,0.13185667344328672,,
3,disagreement,0.6,6,0.6,0.14521162405114152,,
3,disagreement,0.7,7,0.7,0.17865907670137757,,
3,disagreement,0.8,8,0.8,0.20706642756443608,,
3,disagreement,0.9,9,0.9,0.0824100814072719,,
3,combined,0.0,0,0.0,0.14133134129027605,,
3,combined,0.1,1,0.1,0.14229754050342075,,
3,combined,0.2,2,0.2,0.13843412844754485,,
3,combined,0.3,3,0.3,0.1294705958397691,,
3,combined,0.4,4,0.4,0.12369804103458652,,
3,combined,0.5,5,0.5,0.08209309449718379,,
3,combined,0.6,6,0.6,0.0721552743776646,,
3,combined,0.7,7,0.7,0.0685720728398576,,
3,combined,0.8,8,0.8,0.06363967375385268,,
3,combined,0.9,9,0.9,0.0824100814072719,,
3,training_weighted_candidate,0.0,0,0.0,0.14133134129027605,,
3,training_weighted_candidate,0.1,1,0.1,0.13778984177248138,,
3,training_weighted_candidate,0.2,2,0.2,0.12986621490629469,,
3,training_weighted_candidate,0.3,3,0.3,0.12497482779707039,,
3,training_weighted_candidate,0.4,4,0.4,0.1319864859314012,,
3,training_weighted_candidate,0.5,5,0.5,0.13185667344328672,,
3,training_weighted_candidate,0.6,6,0.6,0.14521162405114152,,
3,training_weighted_candidate,0.7,7,0.7,0.17865907670137757,,
3,training_weighted_candidate,0.8,8,0.8,0.20706642756443608,,
3,training_weighted_candidate,0.9,9,0.9,0.0824100814072719,,
3,oracle,0.0,0,0.0,0.14133134129027605,,
3,oracle,0.1,1,0.1,0.12017673768679558,,
3,oracle,0.2,2,0.2,0.11005147280989813,,
3,oracle,0.3,3,0.3,0.10102956364696532,,
3,oracle,0.4,4,0.4,0.09051683680964874,,
3,oracle,0.5,5,0.5,0.08209309449718379,,
3,oracle,0.6,6,0.6,0.0721552743776646,,
3,oracle,0.7,7,0.7,0.0685720728398576,,
3,oracle,0.8,8,0.8,0.06165306855615044,,
3,oracle,0.9,9,0.9,0.044869266100433444,,
4,random,0.0,0,0.0,0.14558216783157493,0.14558216783157493,0.14558216783157493
4,random,0.1,1,0.1,0.14550959475697606,0.12135822365502213,0.1564852805839287
4,random,0.2,2,0.2,0.1454527003390078,0.11219042717372153,0.16865305396164715
4,random,0.3,3,0.3,0.14546263137032966,0.09974499794120772,0.18096636326312296
4,random,0.4,4,0.4,0.14529225570525123,0.09879715097087516,0.1920604943513903
4,random,0.5,5,0.5,0.14503415685054669,0.08862404841537312,0.2025402872477767
4,random,0.6,6,0.6,0.14498883006703597,0.0789056053671269,0.21575969312262458
4,random,0.7,7,0.7,0.1452175614347508,0.06642589562939484,0.23696659524706845
4,random,0.8,8,0.8,0.14505194722084547,0.05329862331128614,0.2791491304629885
4,random,0.9,9,0.9,0.14511800243846482,0.047454153060391156,0.36359766542055005
4,periodic,0.0,0,0.0,0.14558216783157493,,
4,periodic,0.1,1,0.1,0.14494124532716676,,
4,periodic,0.2,2,0.2,0.15275141488664806,,
4,periodic,0.3,3,0.3,0.15277282775399378,,
4,periodic,0.4,4,0.4,0.16136127167092942,,
4,periodic,0.5,5,0.5,0.18355492317966846,,
4,periodic,0.6,6,0.6,0.2150249778559138,,
4,periodic,0.7,7,0.7,0.11592913815685844,,
4,periodic,0.8,8,0.8,0.07581758918980701,,
4,periodic,0.9,9,0.9,0.057674704474687095,,
4,ood,0.0,0,0.0,0.14558216783157493,,
4,ood,0.1,1,0.1,0.1501822947773918,,
4,ood,0.2,2,0.2,0.15003627282815976,,
4,ood,0.3,3,0.3,0.1630210127232996,,
4,ood,0.4,4,0.4,0.17644786670196347,,
4,ood,0.5,5,0.5,0.18121713507931048,,
4,ood,0.6,6,0.6,0.17784626997278136,,
4,ood,0.7,7,0.7,0.11592913815685844,,
4,ood,0.8,8,0.8,0.1501666307050921,,
4,ood,0.9,9,0.9,0.057674704474687095,,
4,initial_state,0.0,0,0.0,0.14558216783157493,,
4,initial_state,0.1,1,0.1,0.1501822947773918,,
4,initial_state,0.2,2,0.2,0.14987989102266225,,
4,initial_state,0.3,3,0.3,0.1595113199042831,,
4,initial_state,0.4,4,0.4,0.16087146149312223,,
4,initial_state,0.5,5,0.5,0.12032622070763668,,
4,initial_state,0.6,6,0.6,0.10173262700818911,,
4,initial_state,0.7,7,0.7,0.11592913815685844,,
4,initial_state,0.8,8,0.8,0.1501666307050921,,
4,initial_state,0.9,9,0.9,0.057674704474687095,,
4,delta,0.0,0,0.0,0.14558216783157493,,
4,delta,0.1,1,0.1,0.14480223927783567,,
4,delta,0.2,2,0.2,0.14987989102266225,,
4,delta,0.3,3,0.3,0.14347693323941013,,
4,delta,0.4,4,0.4,0.15777730470019732,,
4,delta,0.5,5,0.5,0.17284078786997353,,
4,delta,0.6,6,0.6,0.15538634560359266,,
4,delta,0.7,7,0.7,0.15673163734770745,,
4,delta,0.8,8,0.8,0.05329862331128614,,
4,delta,0.9,9,0.9,0.047454153060391156,,
4,ewma,0.0,0,0.0,0.14558216783157493,,
4,ewma,0.1,1,0.1,0.1501822947773918,,
4,ewma,0.2,2,0.2,0.14987989102266225,,
4,ewma,0.3,3,0.3,0.1595113199042831,,
4,ewma,0.4,4,0.4,0.14565344706574743,,
4,ewma,0.5,5,0.5,0.13584401737781154,,
4,ewma,0.6,6,0.6,0.13196740412945235,,
4,ewma,0.7,7,0.7,0.15673163734770745,,
4,ewma,0.8,8,0.8,0.05329862331128614,,
4,ewma,0.9,9,0.9,0.047454153060391156,,
4,disagreement,0.0,0,0.0,0.14558216783157493,,
4,disagreement,0.1,1,0.1,0.1564852805839287,,
4,disagreement,0.2,2,0.2,0.130596232479351,,
4,disagreement,0.3,3,0.3,0.13436983350222648,,
4,disagreement,0.4,4,0.4,0.1315397273573895,,
4,disagreement,0.5,5,0.5,0.14601905411643118,,
4,disagreement,0.6,6,0.6,0.12185917841166469,,
4,disagreement,0.7,7,0.7,0.09757870604707726,,
4,disagreement,0.8,8,0.8,0.07006729666300172,,
4,disagreement,0.9,9,0.9,0.057674704474687095,,
4,combined,0.0,0,0.0,0.14558216783157493,,
4,combined,0.1,1,0.1,0.1501822947773918,,
4,combined,0.2,2,0.2,0.14987989102266225,,
4,combined,0.3,3,0.3,0.1595113199042831,,
4,combined,0.4,4,0.4,0.16087146149312223,,
4,combined,0.5,5,0.5,0.12032622070763668,,
4,combined,0.6,6,0.6,0.10173262700818911,,
4,combined,0.7,7,0.7,0.11592913815685844,,
4,combined,0.8,8,0.8,0.052564428767539126,,
4,combined,0.9,9,0.9,0.047454153060391156,,
4,training_weighted_candidate,0.0,0,0.0,0.14558216783157493,,
4,training_weighted_candidate,0.1,1,0.1,0.1501822947773918,,
4,training_weighted_candidate,0.2,2,0.2,0.14987989102266225,,
4,training_weighted_candidate,0.3,3,0.3,0.1595113199042831,,
4,training_weighted_candidate,0.4,4,0.4,0.16087146149312223,,
4,training_weighted_candidate,0.5,5,0.5,0.1541056346906613,,
4,training_weighted_candidate,0.6,6,0.6,0.17784626997278136,,
4,training_weighted_candidate,0.7,7,0.7,0.11592913815685844,,
4,training_weighted_candidate,0.8,8,0.8,0.1501666307050921,,
4,training_weighted_candidate,0.9,9,0.9,0.24265855693549707,,
4,oracle,0.0,0,0.0,0.14558216783157493,,
4,oracle,0.1,1,0.1,0.12135822365502213,,
4,oracle,0.2,2,0.2,0.10619568199496277,,
4,oracle,0.3,3,0.3,0.09355212292203931,,
4,oracle,0.4,4,0.4,0.08371055593984113,,
4,oracle,0.5,5,0.5,0.07018257305355971,,
4,oracle,0.6,6,0.6,0.06168295998714393,,
4,oracle,0.7,7,0.7,0.05475731703241979,,
4,oracle,0.8,8,0.8,0.052564428767539126,,
4,oracle,0.9,9,0.9,0.047454153060391156,,
5,random,0.0,0,0.0,0.147246221896139,0.147246221896139,0.147246221896139
5,random,0.1,1,0.1,0.1472302399070321,0.13748353635225513,0.15554007148099433
5,random,0.2,2,0.2,0.14734111702894756,0.13186078760385592,0.16406066808535957
5,random,0.3,3,0.3,0.14734292216759545,0.12188387676567973,0.16994027942588497
5,random,0.4,4,0.4,0.14736380075144553,0.11566351605163176,0.17671456196700033
5,random,0.5,5,0.5,0.14726031103120732,0.11208537160214585,0.18240707219013216
5,random,0.6,6,0.6,0.14744418356481986,0.10463090953485871,0.19462028066289982
5,random,0.7,7,0.7,0.14747267742215645,0.09009054242936454,0.20642502720054398
5,random,0.8,8,0.8,0.14738869457736117,0.07998843713925677,0.20878795906527134
5,random,0.9,9,0.9,0.14741746195128205,0.0726015756324412,0.23511039179109391
5,periodic,0.0,0,0.0,0.147246221896139,,
5,periodic,0.1,1,0.1,0.13748353635225513,,
5,periodic,0.2,2,0.2,0.14374706606552798,,
5,periodic,0.3,3,0.3,0.13956618204841714,,
5,periodic,0.4,4,0.4,0.1514554309736626,,
5,periodic,0.5,5,0.5,0.1524916957670369,,
5,periodic,0.6,6,0.6,0.13350105550781927,,
5,periodic,0.7,7,0.7,0.1602174098949273,,
5,periodic,0.8,8,0.8,0.10725239775186779,,
5,periodic,0.9,9,0.9,0.22845425680390735,,
5,ood,0.0,0,0.0,0.147246221896139,,
5,ood,0.1,1,0.1,0.13748353635225513,,
5,ood,0.2,2,0.2,0.13186078760385592,,
5,ood,0.3,3,0.3,0.13494164968875247,,
5,ood,0.4,4,0.4,0.13148018580243942,,
5,ood,0.5,5,0.5,0.12317357212586658,,
5,ood,0.6,6,0.6,0.13581657124922292,,
5,ood,0.7,7,0.7,0.15257759177375804,,
5,ood,0.8,8,0.8,0.15791477772498985,,
5,ood,0.9,9,0.9,0.08737529864607232,,
5,initial_state,0.0,0,0.0,0.147246221896139,,
5,initial_state,0.1,1,0.1,0.13748353635225513,,
5,initial_state,0.2,2,0.2,0.13186078760385592,,
5,initial_state,0.3,3,0.3,0.12845369540345952,,
5,initial_state,0.4,4,0.4,0.1356070596914332,,
5,initial_state,0.5,5,0.5,0.14066952102780378,,
5,initial_state,0.6,6,0.6,0.13258358773842882,,
5,initial_state,0.7,7,0.7,0.14765301743588097,,
5,initial_state,0.8,8,0.8,0.15052791621817427,,
5,initial_state,0.9,9,0.9,0.22845425680390735,,
5,delta,0.0,0,0.0,0.147246221896139,,
5,delta,0.1,1,0.1,0.15135194066131222,,
5,delta,0.2,2,0.2,0.1593490209132172,,
5,delta,0.3,3,0.3,0.15604666299518413,,
5,delta,0.4,4,0.4,0.15321889779683084,,
5,delta,0.5,5,0.5,0.13684059899797824,,
5,delta,0.6,6,0.6,0.13212314049581514,,
5,delta,0.7,7,0.7,0.12886311403732204,,
5,delta,0.8,8,0.8,0.07906754265402938,,
5,delta,0.9,9,0.9,0.0726015756324412,,
5,ewma,0.0,0,0.0,0.147246221896139,,
5,ewma,0.1,1,0.1,0.15135194066131222,,
5,ewma,0.2,2,0.2,0.14746274245154514,,
5,ewma,0.3,3,0.3,0.1581571948542743,,
5,ewma,0.4,4,0.4,0.1585649884955482,,
5,ewma,0.5,5,0.5,0.1556753353575971,,
5,ewma,0.6,6,0.6,0.13581657124922292,,
5,ewma,0.7,7,0.7,0.15196366211693976,,
5,ewma,0.8,8,0.8,0.18517873833760087,,
5,ewma,0.9,9,0.9,0.1419032198712944,,
5,disagreement,0.0,0,0.0,0.147246221896139,,
5,disagreement,0.1,1,0.1,0.13748353635225513,,
5,disagreement,0.2,2,0.2,0.1408821342700895,,
5,disagreement,0.3,3,0.3,0.13876380587915504,,
5,disagreement,0.4,4,0.4,0.13305556449479694,,
5,disagreement,0.5,5,0.5,0.1425599754586328,,
5,disagreement,0.6,6,0.6,0.1427241643554674,,
5,disagreement,0.7,7,0.7,0.1294770436941403,,
5,disagreement,0.8,8,0.8,0.15052791621817427,,
5,disagreement,0.9,9,0.9,0.0726015756324412,,
5,combined,0.0,0,0.0,0.147246221896139,,
5,combined,0.1,1,0.1,0.14333296584688238,,
5,combined,0.2,2,0.2,0.13186078760385592,,
5,combined,0.3,3,0.3,0.13494164968875247,,
5,combined,0.4,4,0.4,0.13148018580243942,,
5,combined,0.5,5,0.5,0.12317357212586658,,
5,combined,0.6,6,0.6,0.13212314049581514,,
5,combined,0.7,7,0.7,0.14765301743588097,,
5,combined,0.8,8,0.8,0.18517873833760087,,
5,combined,0.9,9,0.9,0.22845425680390735,,
5,training_weighted_candidate,0.0,0,0.0,0.147246221896139,,
5,training_weighted_candidate,0.1,1,0.1,0.15135194066131222,,
5,training_weighted_candidate,0.2,2,0.2,0.1408821342700895,,
5,training_weighted_candidate,0.3,3,0.3,0.13876380587915504,,
5,training_weighted_candidate,0.4,4,0.4,0.13148018580243942,,
5,training_weighted_candidate,0.5,5,0.5,0.12317357212586658,,
5,training_weighted_candidate,0.6,6,0.6,0.13212314049581514,,
5,training_weighted_candidate,0.7,7,0.7,0.12886311403732204,,
5,training_weighted_candidate,0.8,8,0.8,0.15052791621817427,,
5,training_weighted_candidate,0.9,9,0.9,0.0726015756324412,,
5,oracle,0.0,0,0.0,0.147246221896139,,
5,oracle,0.1,1,0.1,0.13748353635225513,,
5,oracle,0.2,2,0.2,0.1261121962957986,,
5,oracle,0.3,3,0.3,0.11806172057527713,,
5,oracle,0.4,4,0.4,0.1089031316402727,,
5,oracle,0.5,5,0.5,0.09954167136700112,,
5,oracle,0.6,6,0.6,0.0889512842409278,,
5,oracle,0.7,7,0.7,0.08183679465137703,,
5,oracle,0.8,8,0.8,0.07906754265402938,,
5,oracle,0.9,9,0.9,0.0726015756324412,,
6,random,0.0,0,0.0,0.15170838434031825,0.15170838434031822,0.15170838434031822
6,random,0.1,1,0.1,0.15157529691145424,0.1221229841262865,0.16216493639847182
6,random,0.2,2,0.2,0.15148394793785663,0.10956179990677888,0.17449724232232955
6,random,0.3,3,0.3,0.15178472185130754,0.10051689184332366,0.1896877059639294
6,random,0.4,4,0.4,0.15209958887748856,0.08593800456592654,0.20593243922671822
6,random,0.5,5,0.5,0.15203756066967244,0.07564257128686921,0.22475907491391292
6,random,0.6,6,0.6,0.1515451516962385,0.06998273980821264,0.25036395400190575
6,random,0.7,7,0.7,0.15145055820991368,0.06308996721855885,0.2681530894319146
6,random,0.8,8,0.8,0.151280187966583,0.06055295241227287,0.32029472207447557
6,random,0.9,9,0.9,0.15236354843789404,0.05759941581693563,0.41797698626660357
6,periodic,0.0,0,0.0,0.15170838434031822,,
6,periodic,0.1,1,0.1,0.15881850302398687,,
6,periodic,0.2,2,0.2,0.17147088892486825,,
6,periodic,0.3,3,0.3,0.18622901636683076,,
6,periodic,0.4,4,0.4,0.14173161461245978,,
6,periodic,0.5,5,0.5,0.16442392785872034,,
6,periodic,0.6,6,0.6,0.17005061953312312,,
6,periodic,0.7,7,0.7,0.08917501872851703,,
6,periodic,0.8,8,0.8,0.24074173763710682,,
6,periodic,0.9,9,0.9,0.14191716116110925,,
6,ood,0.0,0,0.0,0.15170838434031822,,
6,ood,0.1,1,0.1,0.1438301539467594,,
6,ood,0.2,2,0.2,0.14406927804496567,,
6,ood,0.3,3,0.3,0.1557789740489848,,
6,ood,0.4,4,0.4,0.1671225836925989,,
6,ood,0.5,5,0.5,0.18902721726773153,,
6,ood,0.6,6,0.6,0.21210310948679614,,
6,ood,0.7,7,0.7,0.143478483893527,,
6,ood,0.8,8,0.8,0.18113572742472506,,
6,ood,0.9,9,0.9,0.0635064890076101,,
6,initial_state,0.0,0,0.0,0.15170838434031822,,
6,initial_state,0.1,1,0.1,0.15881850302398687,,
6,initial_state,0.2,2,0.2,0.15084425866669177,,
6,initial_state,0.3,3,0.3,0.16416495050237123,,
6,initial_state,0.4,4,0.4,0.18117554124996113,,
6,initial_state,0.5,5,0.5,0.18902721726773153,,
6,initial_state,0.6,6,0.6,0.22040739933276188,,
6,initial_state,0.7,7,0.7,0.2616353163131915,,
6,initial_state,0.8,8,0.8,0.24307049154886717,,
6,initial_state,0.9,9,0.9,0.41797698626660357,,
6,delta,0.0,0,0.0,0.15170838434031822,,
6,delta,0.1,1,0.1,0.16166471526515006,,
6,delta,0.2,2,0.2,0.17467287769617684,,
6,delta,0.3,3,0.3,0.18709510076887348,,
6,delta,0.4,4,0.4,0.1486147865192518,,
6,delta,0.5,5,0.5,0.16563644602158015,,
6,delta,0.6,6,0.6,0.17156626723669788,,
6,delta,0.7,7,0.7,0.1291667010349838,,
6,delta,0.8,8,0.8,0.1596680531369103,,
6,delta,0.9,9,0.9,0.09672364839147303,,
6,ewma,0.0,0,0.0,0.15170838434031822,,
6,ewma,0.1,1,0.1,0.16166471526515006,,
6,ewma,0.2,2,0.2,0.17090814014988126,,
6,ewma,0.3,3,0.3,0.15264287933674428,,
6,ewma,0.4,4,0.4,0.1684834565900457,,
6,ewma,0.5,5,0.5,0.11858475065473417,,
6,ewma,0.6,6,0.6,0.11275164802814037,,
6,ewma,0.7,7,0.7,0.07613137807673798,,
6,ewma,0.8,8,0.8,0.08244382261130193,,
6,ewma,0.9,9,0.9,0.09672364839147303,,
6,disagreement,0.0,0,0.0,0.15170838434031822,,
6,disagreement,0.1,1,0.1,0.1221229841262865,,
6,disagreement,0.2,2,0.2,0.11964871199693367,,
6,disagreement,0.3,3,0.3,0.1278697557083768,,
6,disagreement,0.4,4,0.4,0.139581479023617,,
6,disagreement,0.5,5,0.5,0.14995431159088032,,
6,disagreement,0.6,6,0.6,0.16326197739073214,,
6,disagreement,0.7,7,0.7,0.19496130424393257,,
6,disagreement,0.8,8,0.8,0.18113572742472506,,
6,disagreement,0.9,9,0.9,0.29876496584184004,,
6,combined,0.0,0,0.0,0.15170838434031822,,
6,combined,0.1,1,0.1,0.16166471526515006,,
6,combined,0.2,2,0.2,0.17090814014988126,,
6,combined,0.3,3,0.3,0.18709510076887348,,
6,combined,0.4,4,0.4,0.19462475737016752,,
6,combined,0.5,5,0.5,0.18902721726773153,,
6,combined,0.6,6,0.6,0.1317897750180135,,
6,combined,0.7,7,0.7,0.143478483893527,,
6,combined,0.8,8,0.8,0.1834644813364854,,
6,combined,0.9,9,0.9,0.06816399683113081,,
6,training_weighted_candidate,0.0,0,0.0,0.15170838434031822,,
6,training_weighted_candidate,0.1,1,0.1,0.16166471526515006,,
6,training_weighted_candidate,0.2,2,0.2,0.16413315952815513,,
6,training_weighted_candidate,0.3,3,0.3,0.1750497085768487,,
6,training_weighted_candidate,0.4,4,0.4,0.19462475737016752,,
6,training_weighted_candidate,0.5,5,0.5,0.18902721726773153,,
6,training_weighted_candidate,0.6,6,0.6,0.1317897750180135,,
6,training_weighted_candidate,0.7,7,0.7,0.143478483893527,,
6,training_weighted_candidate,0.8,8,0.8,0.18113572742472506,,
6,training_weighted_candidate,0.9,9,0.9,0.29876496584184004,,
6,oracle,0.0,0,0.0,0.15170838434031822,,
6,oracle,0.1,1,0.1,0.1221229841262865,,
6,oracle,0.2,2,0.2,0.10004273641184232,,
6,oracle,0.3,3,0.3,0.08253277620177014,,
6,oracle,0.4,4,0.4,0.07263537870854694,,
6,oracle,0.5,5,0.5,0.06781772477196173,,
6,oracle,0.6,6,0.6,0.06284282691812708,,
6,oracle,0.7,7,0.7,0.06106910361379251,,
6,oracle,0.8,8,0.8,0.05985041091688371,,
6,oracle,0.9,9,0.9,0.05759941581693563,,
7,random,0.0,0,0.0,0.12948488604456382,0.1294848860445638,0.1294848860445638
7,random,0.1,1,0.16666666666666666,0.1295210551582652,0.1135779777324992,0.1444662899999815
7,random,0.2,1,0.16666666666666666,0.1295210551582652,0.1135779777324992,0.1444662899999815
7,random,0.3,2,0.3333333333333333,0.12956203987998607,0.09406427454442583,0.16668968293669237
7,random,0.4,2,0.3333333333333333,0.12956203987998607,0.09406427454442583,0.16668968293669237
7,random,0.5,3,0.5,0.1294271979784244,0.07298265327553236,0.1859871188135952
7,random,0.6,4,0.6666666666666666,0.1295573810781026,0.055075292260306635,0.20032610904483966
7,random,0.7,4,0.6666666666666666,0.1295573810781026,0.055075292260306635,0.20032610904483966
7,random,0.8,5,0.8333333333333334,0.12950041762083792,0.05457786626747527,0.2090194276048867
7,random,0.9,5,0.8333333333333334,0.12950041762083792,0.05457786626747527,0.2090194276048867
7,periodic,0.0,0,0.0,0.1294848860445638,,
7,periodic,0.1,1,0.16666666666666666,0.117055305156518,,
7,periodic,0.2,1,0.16666666666666666,0.117055305156518,,
7,periodic,0.3,2,0.3333333333333333,0.10699184685787094,,
7,periodic,0.4,2,0.3333333333333333,0.10699184685787094,,
7,periodic,0.5,3,0.5,0.07298265327553236,,
7,periodic,0.6,4,0.6666666666666666,0.08168762078672953,,
7,periodic,0.7,4,0.6666666666666666,0.08168762078672953,,
7,periodic,0.8,5,0.8333333333333334,0.055572718253138,,
7,periodic,0.9,5,0.8333333333333334,0.055572718253138,,
7,ood,0.0,0,0.0,0.1294848860445638,,
7,ood,0.1,1,0.16666666666666666,0.117055305156518,,
7,ood,0.2,1,0.16666666666666666,0.117055305156518,,
7,ood,0.3,2,0.3333333333333333,0.09406427454442583,,
7,ood,0.4,2,0.3333333333333333,0.09406427454442583,,
7,ood,0.5,3,0.5,0.08915324095723982,,
7,ood,0.6,4,0.6666666666666666,0.10644092830212212,,
7,ood,0.7,4,0.6666666666666666,0.10644092830212212,,
7,ood,0.8,5,0.8333333333333334,0.15730913835110624,,
7,ood,0.9,5,0.8333333333333334,0.15730913835110624,,
7,initial_state,0.0,0,0.0,0.1294848860445638,,
7,initial_state,0.1,1,0.16666666666666666,0.117055305156518,,
7,initial_state,0.2,1,0.16666666666666666,0.117055305156518,,
7,initial_state,0.3,2,0.3333333333333333,0.09406427454442583,,
7,initial_state,0.4,2,0.3333333333333333,0.09406427454442583,,
7,initial_state,0.5,3,0.5,0.07298265327553236,,
7,initial_state,0.6,4,0.6666666666666666,0.0821850467795609,,
7,initial_state,0.7,4,0.6666666666666666,0.0821850467795609,,
7,initial_state,0.8,5,0.8333333333333334,0.055572718253138,,
7,initial_state,0.9,5,0.8333333333333334,0.055572718253138,,
7,delta,0.0,0,0.0,0.1294848860445638,,
7,delta,0.1,1,0.16666666666666666,0.13362238819227976,,
7,delta,0.2,1,0.16666666666666666,0.13362238819227976,,
7,delta,0.3,2,0.3333333333333333,0.11911978761915157,,
7,delta,0.4,2,0.3333333333333333,0.11911978761915157,,
7,delta,0.5,3,0.5,0.08915324095723982,,
7,delta,0.6,4,0.6666666666666666,0.10594350230929075,,
7,delta,0.7,4,0.6666666666666666,0.10594350230929075,,
7,delta,0.8,5,0.8333333333333334,0.15730913835110624,,
7,delta,0.9,5,0.8333333333333334,0.15730913835110624,,
7,ewma,0.0,0,0.0,0.1294848860445638,,
7,ewma,0.1,1,0.16666666666666666,0.13362238819227976,,
7,ewma,0.2,1,0.16666666666666666,0.13362238819227976,,
7,ewma,0.3,2,0.3333333333333333,0.11477312833912803,,
7,ewma,0.4,2,0.3333333333333333,0.11477312833912803,,
7,ewma,0.5,3,0.5,0.08915324095723982,,
7,ewma,0.6,4,0.6666666666666666,0.10594350230929075,,
7,ewma,0.7,4,0.6666666666666666,0.10594350230929075,,
7,ewma,0.8,5,0.8333333333333334,0.15730913835110624,,
7,ewma,0.9,5,0.8333333333333334,0.15730913835110624,,
7,disagreement,0.0,0,0.0,0.1294848860445638,,
7,disagreement,0.1,1,0.16666666666666666,0.117055305156518,,
7,disagreement,0.2,1,0.16666666666666666,0.117055305156518,,
7,disagreement,0.3,2,0.3333333333333333,0.1326746648787787,,
7,disagreement,0.4,2,0.3333333333333333,0.1326746648787787,,
7,disagreement,0.5,3,0.5,0.12446317372133615,,
7,disagreement,0.6,4,0.6666666666666666,0.15890840145543525,,
7,disagreement,0.7,4,0.6666666666666666,0.15890840145543525,,
7,disagreement,0.8,5,0.8333333333333334,0.10879737530598381,,
7,disagreement,0.9,5,0.8333333333333334,0.10879737530598381,,
7,combined,0.0,0,0.0,0.1294848860445638,,
7,combined,0.1,1,0.16666666666666666,0.117055305156518,,
7,combined,0.2,1,0.16666666666666666,0.117055305156518,,
7,combined,0.3,2,0.3333333333333333,0.09406427454442583,,
7,combined,0.4,2,0.3333333333333333,0.09406427454442583,,
7,combined,0.5,3,0.5,0.08915324095723982,,
7,combined,0.6,4,0.6666666666666666,0.10644092830212212,,
7,combined,0.7,4,0.6666666666666666,0.10644092830212212,,
7,combined,0.8,5,0.8333333333333334,0.15730913835110624,,
7,combined,0.9,5,0.8333333333333334,0.15730913835110624,,
7,training_weighted_candidate,0.0,0,0.0,0.1294848860445638,,
7,training_weighted_candidate,0.1,1,0.16666666666666666,0.117055305156518,,
7,training_weighted_candidate,0.2,1,0.16666666666666666,0.117055305156518,,
7,training_weighted_candidate,0.3,2,0.3333333333333333,0.09406427454442583,,
7,training_weighted_candidate,0.4,2,0.3333333333333333,0.09406427454442583,,
7,training_weighted_candidate,0.5,3,0.5,0.1072264106367427,,
7,training_weighted_candidate,0.6,4,0.6666666666666666,0.0821850467795609,,
7,training_weighted_candidate,0.7,4,0.6666666666666666,0.0821850467795609,,
7,training_weighted_candidate,0.8,5,0.8333333333333334,0.055572718253138,,
7,training_weighted_candidate,0.9,5,0.8333333333333334,0.055572718253138,,
7,oracle,0.0,0,0.0,0.1294848860445638,,
7,oracle,0.1,1,0.16666666666666666,0.1135779777324992,,
7,oracle,0.2,1,0.16666666666666666,0.1135779777324992,,
7,oracle,0.3,2,0.3333333333333333,0.09406427454442583,,
7,oracle,0.4,2,0.3333333333333333,0.09406427454442583,,
7,oracle,0.5,3,0.5,0.07298265327553236,,
7,oracle,0.6,4,0.6666666666666666,0.055075292260306635,,
7,oracle,0.7,4,0.6666666666666666,0.055075292260306635,,
7,oracle,0.8,5,0.8333333333333334,0.05457786626747527,,
7,oracle,0.9,5,0.8333333333333334,0.05457786626747527,,
8,random,0.0,0,0.0,0.2470046884889828,0.24700468848898294,0.24700468848898294
8,random,0.1,1,0.1,0.24714233588283552,0.18049501753446937,0.27101532978628273
8,random,0.2,2,0.2,0.2469124620423851,0.14922803443784388,0.29922576971458115
8,random,0.3,3,0.3,0.2468657197192411,0.1252809027104472,0.3290150666021394
8,random,0.4,4,0.4,0.24612182163981405,0.08870877618130457,0.36726386674590533
8,random,0.5,5,0.5,0.24478077434261403,0.07555933497337128,0.41446683393867323
8,random,0.6,6,0.6,0.24468016834867717,0.06661592110359944,0.4820573481155882
8,random,0.7,7,0.7,0.24261901036537425,0.0540277868226308,0.5252588981402627
8,random,0.8,8,0.8,0.2414223258001555,0.03812036358659031,0.6381113046935392
8,random,0.9,9,0.9,0.23903272531735187,0.030908916813285045,0.8455917270796053
8,periodic,0.0,0,0.0,0.24700468848898294,,
8,periodic,0.1,1,0.1,0.2617890806226305,,
8,periodic,0.2,2,0.2,0.18881374981550866,,
8,periodic,0.3,3,0.3,0.2035239093184797,,
8,periodic,0.4,4,0.4,0.24063901778175636,,
8,periodic,0.5,5,0.5,0.1897409345123978,,
8,periodic,0.6,6,0.6,0.20354118266765625,,
8,periodic,0.7,7,0.7,0.23213995166030088,,
8,periodic,0.8,8,0.8,0.2379813463336843,,
8,periodic,0.9,9,0.9,0.1345399418913641,,
8,ood,0.0,0,0.0,0.24700468848898294,,
8,ood,0.1,1,0.1,0.22660177806470624,,
8,ood,0.2,2,0.2,0.17789702431591603,,
8,ood,0.3,3,0.3,0.18703300503445336,,
8,ood,0.4,4,0.4,0.21064987081354633,,
8,ood,0.5,5,0.5,0.2265300388198425,,
8,ood,0.6,6,0.6,0.24952756305196205,,
8,ood,0.7,7,0.7,0.3207810923958674,,
8,ood,0.8,8,0.8,0.058375775053998415,,
8,ood,0.9,9,0.9,0.08584263329471178,,
8,initial_state,0.0,0,0.0,0.24700468848898294,,
8,initial_state,0.1,1,0.1,0.22660177806470624,,
8,initial_state,0.2,2,0.2,0.24068385541202522,,
8,initial_state,0.3,3,0.3,0.18703300503445336,,
8,initial_state,0.4,4,0.4,0.19578184889163489,,
8,initial_state,0.5,5,0.5,0.20868841251354878,,
8,initial_state,0.6,6,0.6,0.24952756305196205,,
8,initial_state,0.7,7,0.7,0.3207810923958674,,
8,initial_state,0.8,8,0.8,0.058375775053998415,,
8,initial_state,0.9,9,0.9,0.030908916813285045,,
8,delta,0.0,0,0.0,0.24700468848898294,,
8,delta,0.1,1,0.1,0.22660177806470624,,
8,delta,0.2,2,0.2,0.17789702431591603,,
8,delta,0.3,3,0.3,0.1845610233921804,,
8,delta,0.4,4,0.4,0.2101697078219963,,
8,delta,0.5,5,0.5,0.22941461752916456,,
8,delta,0.6,6,0.6,0.2778265281563942,,
8,delta,0.7,7,0.7,0.08857146184865716,,
8,delta,0.8,8,0.8,0.06558722182730368,,
8,delta,0.9,9,0.9,0.04533181035989558,,
8,ewma,0.0,0,0.0,0.24700468848898294,,
8,ewma,0.1,1,0.1,0.22660177806470624,,
8,ewma,0.2,2,0.2,0.23852087147503637,,
8,ewma,0.3,3,0.3,0.25631740178773377,,
8,ewma,0.4,4,0.4,0.2938854826168085,,
8,ewma,0.5,5,0.5,0.22941461752916456,,
8,ewma,0.6,6,0.6,0.2531332864386147,,
8,ewma,0.7,7,0.7,0.32240044513152105,,
8,ewma,0.8,8,0.8,0.4406793510499257,,
8,ewma,0.9,9,0.9,0.035766975020246165,,
8,disagreement,0.0,0,0.0,0.24700468848898294,,
8,disagreement,0.1,1,0.1,0.20597856409275572,,
8,disagreement,0.2,2,0.2,0.2174827396935808,,
8,disagreement,0.3,3,0.3,0.12775288435272017,,
8,disagreement,0.4,4,0.4,0.14148973001819096,,
8,disagreement,0.5,5,0.5,0.14353786986541603,,
8,disagreement,0.6,6,0.6,0.145787351858929,,
8,disagreement,0.7,7,0.7,0.18246081080515664,,
8,disagreement,0.8,8,0.8,0.058375775053998415,,
8,disagreement,0.9,9,0.9,0.030908916813285045,,
8,combined,0.0,0,0.0,0.24700468848898294,,
8,combined,0.1,1,0.1,0.22660177806470624,,
8,combined,0.2,2,0.2,0.17789702431591603,,
8,combined,0.3,3,0.3,0.18703300503445336,,
8,combined,0.4,4,0.4,0.19633033407651798,,
8,combined,0.5,5,0.5,0.20868841251354878,,
8,combined,0.6,6,0.6,0.24952756305196205,,
8,combined,0.7,7,0.7,0.050839508376081,,
8,combined,0.8,8,0.8,0.058375775053998415,,
8,combined,0.9,9,0.9,0.08584263329471178,,
8,training_weighted_candidate,0.0,0,0.0,0.24700468848898294,,
8,training_weighted_candidate,0.1,1,0.1,0.22660177806470624,,
8,training_weighted_candidate,0.2,2,0.2,0.24068385541202522,,
8,training_weighted_candidate,0.3,3,0.3,0.25631740178773377,,
8,training_weighted_candidate,0.4,4,0.4,0.19633033407651798,,
8,training_weighted_candidate,0.5,5,0.5,0.2265300388198425,,
8,training_weighted_candidate,0.6,6,0.6,0.24952756305196205,,
8,training_weighted_candidate,0.7,7,0.7,0.32240044513152105,,
8,training_weighted_candidate,0.8,8,0.8,0.06080480415747898,,
8,training_weighted_candidate,0.9,9,0.9,0.08584263329471178,,
8,oracle,0.0,0,0.0,0.24700468848898294,,
8,oracle,0.1,1,0.1,0.18049501753446937,,
8,oracle,0.2,2,0.2,0.1260269187193995,,
8,oracle,0.3,3,0.3,0.08251206677824614,,
8,oracle,0.4,4,0.4,0.07384075425939314,,
8,oracle,0.5,5,0.5,0.06235909895485867,,
8,oracle,0.6,6,0.6,0.04946258387203464,,
8,oracle,0.7,7,0.7,0.03733590073114226,,
8,oracle,0.8,8,0.8,0.0333379459167656,,
8,oracle,0.9,9,0.9,0.030908916813285045,,
9,random,0.0,0,0.0,0.08957749572437372,0.08957749572437372,0.08957749572437372
9,random,0.1,1,0.1111111111111111,0.0895783664085986,0.08461081864368478,0.09457455808565568
9,random,0.2,2,0.2222222222222222,0.08961712836833381,0.07968012381742344,0.1006790047331643
9,random,0.3,3,0.3333333333333333,0.08960816780669319,0.07692014181341304,0.10141883621511072
9,random,0.4,4,0.4444444444444444,0.08961958154416838,0.07272470255463359,0.10661564536903786
9,random,0.5,4,0.4444444444444444,0.08961958154416838,0.07272470255463359,0.10661564536903786
9,random,0.6,5,0.5555555555555556,0.0897408395539849,0.06827980866854352,0.11237714926820526
9,random,0.7,6,0.6666666666666666,0.08986466451644037,0.06398290216206906,0.11489220354629505
9,random,0.8,7,0.7777777777777778,0.08989373157336175,0.050722214193606646,0.12421829739869969
9,random,0.9,8,0.8888888888888888,0.08973303078083322,0.04960099683411796,0.12931091236988523
9,periodic,0.0,0,0.0,0.08957749572437372,,
9,periodic,0.1,1,0.1111111111111111,0.0931362974261038,,
9,periodic,0.2,2,0.2222222222222222,0.09903527826510503,,
9,periodic,0.3,3,0.3333333333333333,0.09568687757137016,,
9,periodic,0.4,4,0.4444444444444444,0.1013005307830511,,
9,periodic,0.5,4,0.4444444444444444,0.1013005307830511,,
9,periodic,0.6,5,0.5555555555555556,0.0914140507861207,,
9,periodic,0.7,6,0.6666666666666666,0.09934586387717244,,
9,periodic,0.8,7,0.7777777777777778,0.10423253114186903,,
9,periodic,0.9,8,0.8888888888888888,0.11912568242751416,,
9,ood,0.0,0,0.0,0.08957749572437372,,
9,ood,0.1,1,0.1111111111111111,0.0931362974261038,,
9,ood,0.2,2,0.2222222222222222,0.09269290908104924,,
9,ood,0.3,3,0.3333333333333333,0.09305768091139181,,
9,ood,0.4,4,0.4444444444444444,0.1013005307830511,,
9,ood,0.5,4,0.4444444444444444,0.1013005307830511,,
9,ood,0.6,5,0.5555555555555556,0.09898373243470691,,
9,ood,0.7,6,0.6666666666666666,0.08887467245631414,,
9,ood,0.8,7,0.7777777777777778,0.10851151026741224,,
9,ood,0.9,8,0.8888888888888888,0.0978973381073103,,
9,initial_state,0.0,0,0.0,0.08957749572437372,,
9,initial_state,0.1,1,0.1111111111111111,0.0931362974261038,,
9,initial_state,0.2,2,0.2222222222222222,0.09903527826510503,,
9,initial_state,0.3,3,0.3333333333333333,0.09398933924764165,,
9,initial_state,0.4,4,0.4444444444444444,0.09353920392887281,,
9,initial_state,0.5,4,0.4444444444444444,0.09353920392887281,,
9,initial_state,0.6,5,0.5555555555555556,0.08928207386698407,,
9,initial_state,0.7,6,0.6666666666666666,0.10250909954460612,,
9,initial_state,0.8,7,0.7777777777777778,0.10851151026741224,,
9,initial_state,0.9,8,0.8888888888888888,0.0978973381073103,,
9,delta,0.0,0,0.0,0.08957749572437372,,
9,delta,0.1,1,0.1111111111111111,0.08461081864368478,,
9,delta,0.2,2,0.2222222222222222,0.0879684952912779,,
9,delta,0.3,3,0.3333333333333333,0.08420195714375289,,
9,delta,0.4,4,0.4444444444444444,0.08179434540420633,,
9,delta,0.5,4,0.4444444444444444,0.08179434540420633,,
9,delta,0.6,5,0.5555555555555556,0.07776859722843034,,
9,delta,0.7,6,0.6666666666666666,0.0871577973598678,,
9,delta,0.8,7,0.7777777777777778,0.0711738548260446,,
9,delta,0.9,8,0.8888888888888888,0.05184343155309534,,
9,ewma,0.0,0,0.0,0.08957749572437372,,
9,ewma,0.1,1,0.1111111111111111,0.08461081864368478,,
9,ewma,0.2,2,0.2222222222222222,0.08271274443459542,,
9,ewma,0.3,3,0.3333333333333333,0.08141415549052901,,
9,ewma,0.4,4,0.4444444444444444,0.08547557016652821,,
9,ewma,0.5,4,0.4444444444444444,0.08547557016652821,,
9,ewma,0.6,5,0.5555555555555556,0.08278445874778881,,
9,ewma,0.7,6,0.6666666666666666,0.07067071752121369,,
9,ewma,0.8,7,0.7777777777777778,0.050722214193606646,,
9,ewma,0.9,8,0.8888888888888888,0.04960099683411796,,
9,disagreement,0.0,0,0.0,0.08957749572437372,,
9,disagreement,0.1,1,0.1111111111111111,0.08588397238648116,,
9,disagreement,0.2,2,0.2222222222222222,0.08942352814018804,,
9,disagreement,0.3,3,0.3333333333333333,0.09568687757137016,,
9,disagreement,0.4,4,0.4444444444444444,0.09524478546418212,,
9,disagreement,0.5,4,0.4444444444444444,0.09524478546418212,,
9,disagreement,0.6,5,0.5555555555555556,0.08672825373775635,,
9,disagreement,0.7,6,0.6666666666666666,0.08355766636984653,,
9,disagreement,0.8,7,0.7777777777777778,0.07005263746655592,,
9,disagreement,0.9,8,0.8888888888888888,0.09050427809899388,,
9,combined,0.0,0,0.0,0.08957749572437372,,
9,combined,0.1,1,0.1111111111111111,0.0931362974261038,,
9,combined,0.2,2,0.2222222222222222,0.0879684952912779,,
9,combined,0.3,3,0.3333333333333333,0.08658990853290989,,
9,combined,0.4,4,0.4444444444444444,0.09353920392887281,,
9,combined,0.5,4,0.4444444444444444,0.09353920392887281,,
9,combined,0.6,5,0.5555555555555556,0.08928207386698407,,
9,combined,0.7,6,0.6666666666666666,0.08641031912020868,,
9,combined,0.8,7,0.7777777777777778,0.07005263746655592,,
9,combined,0.9,8,0.8888888888888888,0.04960099683411796,,
9,training_weighted_candidate,0.0,0,0.0,0.08957749572437372,,
9,training_weighted_candidate,0.1,1,0.1111111111111111,0.0931362974261038,,
9,training_weighted_candidate,0.2,2,0.2222222222222222,0.0879684952912779,,
9,training_weighted_candidate,0.3,3,0.3333333333333333,0.08277563076857185,,
9,training_weighted_candidate,0.4,4,0.4444444444444444,0.07975128930082415,,
9,training_weighted_candidate,0.5,4,0.4444444444444444,0.07975128930082415,,
9,training_weighted_candidate,0.6,5,0.5555555555555556,0.07562910766565874,,
9,training_weighted_candidate,0.7,6,0.6666666666666666,0.08355766636984653,,
9,training_weighted_candidate,0.8,7,0.7777777777777778,0.07005263746655592,,
9,training_weighted_candidate,0.9,8,0.8888888888888888,0.09050427809899388,,
9,oracle,0.0,0,0.0,0.08957749572437372,,
9,oracle,0.1,1,0.1111111111111111,0.08461081864368478,,
9,oracle,0.2,2,0.2222222222222222,0.07968012381742344,,
9,oracle,0.3,3,0.3333333333333333,0.07453219042425605,,
9,oracle,0.4,4,0.4444444444444444,0.06985916088764518,,
9,oracle,0.5,4,0.4444444444444444,0.06985916088764518,,
9,oracle,0.6,5,0.5555555555555556,0.06326394714918504,,
9,oracle,0.7,6,0.6666666666666666,0.05418383683258211,,
9,oracle,0.8,7,0.7777777777777778,0.050722214193606646,,
9,oracle,0.9,8,0.8888888888888888,0.04960099683411796,,
10,random,0.0,0,0.0,0.10137289310391956,0.1013728931039196,0.1013728931039196
10,random,0.1,0,0.0,0.10137289310391956,0.1013728931039196,0.1013728931039196
10,random,0.2,1,0.25,0.10147257720766058,0.07838323030387917,0.11074111513112332
10,random,0.3,1,0.25,0.10147257720766058,0.07838323030387917,0.11074111513112332
10,random,0.4,2,0.5,0.10155628889609543,0.07577320884637745,0.12697257736146175
10,random,0.5,2,0.5,0.10155628889609543,0.07577320884637745,0.12697257736146175
10,random,0.6,2,0.5,0.10155628889609543,0.07577320884637745,0.12697257736146175
10,random,0.7,3,0.75,0.10108456356320054,0.07326822702230844,0.1703418815040409
10,random,0.8,3,0.75,0.10108456356320054,0.07326822702230844,0.1703418815040409
10,random,0.9,3,0.75,0.10108456356320054,0.07326822702230844,0.1703418815040409
10,periodic,0.0,0,0.0,0.1013728931039196,,
10,periodic,0.1,0,0.0,0.1013728931039196,,
10,periodic,0.2,1,0.25,0.11074111513112332,,
10,periodic,0.3,1,0.25,0.11074111513112332,,
10,periodic,0.4,2,0.5,0.08094073194466453,,
10,periodic,0.5,2,0.5,0.08094073194466453,,
10,periodic,0.6,2,0.5,0.08094073194466453,,
10,periodic,0.7,3,0.75,0.07827819067044645,,
10,periodic,0.8,3,0.75,0.07827819067044645,,
10,periodic,0.9,3,0.75,0.07827819067044645,,
10,ood,0.0,0,0.0,0.1013728931039196,,
10,ood,0.1,0,0.0,0.1013728931039196,,
10,ood,0.2,1,0.25,0.11074111513112332,,
10,ood,0.3,1,0.25,0.11074111513112332,,
10,ood,0.4,2,0.5,0.12697257736146175,,
10,ood,0.5,2,0.5,0.12697257736146175,,
10,ood,0.6,2,0.5,0.12697257736146175,,
10,ood,0.7,3,0.75,0.08360327321888261,,
10,ood,0.8,3,0.75,0.08360327321888261,,
10,ood,0.9,3,0.75,0.08360327321888261,,
10,initial_state,0.0,0,0.0,0.1013728931039196,,
10,initial_state,0.1,0,0.0,0.1013728931039196,,
10,initial_state,0.2,1,0.25,0.11074111513112332,,
10,initial_state,0.3,1,0.25,0.11074111513112332,,
10,initial_state,0.4,2,0.5,0.12697257736146175,,
10,initial_state,0.5,2,0.5,0.12697257736146175,,
10,initial_state,0.6,2,0.5,0.12697257736146175,,
10,initial_state,0.7,3,0.75,0.1703418815040409,,
10,initial_state,0.8,3,0.75,0.1703418815040409,,
10,initial_state,0.9,3,0.75,0.1703418815040409,,
10,delta,0.0,0,0.0,0.1013728931039196,,
10,delta,0.1,0,0.0,0.1013728931039196,,
10,delta,0.2,1,0.25,0.10907112724841066,,
10,delta,0.3,1,0.25,0.10907112724841066,,
10,delta,0.4,2,0.5,0.12697257736146175,,
10,delta,0.5,2,0.5,0.12697257736146175,,
10,delta,0.6,2,0.5,0.12697257736146175,,
10,delta,0.7,3,0.75,0.1703418815040409,,
10,delta,0.8,3,0.75,0.1703418815040409,,
10,delta,0.9,3,0.75,0.1703418815040409,,
10,ewma,0.0,0,0.0,0.1013728931039196,,
10,ewma,0.1,0,0.0,0.1013728931039196,,
10,ewma,0.2,1,0.25,0.10907112724841066,,
10,ewma,0.3,1,0.25,0.10907112724841066,,
10,ewma,0.4,2,0.5,0.12180505426317467,,
10,ewma,0.5,2,0.5,0.12180505426317467,,
10,ewma,0.6,2,0.5,0.12180505426317467,,
10,ewma,0.7,3,0.75,0.07326822702230844,,
10,ewma,0.8,3,0.75,0.07326822702230844,,
10,ewma,0.9,3,0.75,0.07326822702230844,,
10,disagreement,0.0,0,0.0,0.1013728931039196,,
10,disagreement,0.1,0,0.0,0.1013728931039196,,
10,disagreement,0.2,1,0.25,0.11074111513112332,,
10,disagreement,0.3,1,0.25,0.11074111513112332,,
10,disagreement,0.4,2,0.5,0.12697257736146175,,
10,disagreement,0.5,2,0.5,0.12697257736146175,,
10,disagreement,0.6,2,0.5,0.12697257736146175,,
10,disagreement,0.7,3,0.75,0.1703418815040409,,
10,disagreement,0.8,3,0.75,0.1703418815040409,,
10,disagreement,0.9,3,0.75,0.1703418815040409,,
10,combined,0.0,0,0.0,0.1013728931039196,,
10,combined,0.1,0,0.0,0.1013728931039196,,
10,combined,0.2,1,0.25,0.11074111513112332,,
10,combined,0.3,1,0.25,0.11074111513112332,,
10,combined,0.4,2,0.5,0.12697257736146175,,
10,combined,0.5,2,0.5,0.12697257736146175,,
10,combined,0.6,2,0.5,0.12697257736146175,,
10,combined,0.7,3,0.75,0.1703418815040409,,
10,combined,0.8,3,0.75,0.1703418815040409,,
10,combined,0.9,3,0.75,0.1703418815040409,,
10,training_weighted_candidate,0.0,0,0.0,0.1013728931039196,,
10,training_weighted_candidate,0.1,0,0.0,0.1013728931039196,,
10,training_weighted_candidate,0.2,1,0.25,0.11074111513112332,,
10,training_weighted_candidate,0.3,1,0.25,0.11074111513112332,,
10,training_weighted_candidate,0.4,2,0.5,0.12697257736146175,,
10,training_weighted_candidate,0.5,2,0.5,0.12697257736146175,,
10,training_weighted_candidate,0.6,2,0.5,0.12697257736146175,,
10,training_weighted_candidate,0.7,3,0.75,0.1703418815040409,,
10,training_weighted_candidate,0.8,3,0.75,0.1703418815040409,,
10,training_weighted_candidate,0.9,3,0.75,0.1703418815040409,,
10,oracle,0.0,0,0.0,0.1013728931039196,,
10,oracle,0.1,0,0.0,0.1013728931039196,,
10,oracle,0.2,1,0.25,0.07838323030387917,,
10,oracle,0.3,1,0.25,0.07838323030387917,,
10,oracle,0.4,2,0.5,0.07577320884637745,,
10,oracle,0.5,2,0.5,0.07577320884637745,,
10,oracle,0.6,2,0.5,0.07577320884637745,,
10,oracle,0.7,3,0.75,0.07326822702230844,,
10,oracle,0.8,3,0.75,0.07326822702230844,,
10,oracle,0.9,3,0.75,0.07326822702230844,,
