ablation,held_out_lot,family,training_wafers,test_wafers,retained_features,mean_parameter,mean_fitted_model,mean_inner_lot_macro_mae,residual_parameter,residual_fitted_model,residual_inner_lot_macro_rmse,residual_components,residual_explained_variance,held_out_lot_mae
A_G1,1,pls,79,9,70,4,,0.11456208185938259,1,,0.1797994317689234,3,0.9637965610994957,0.16286092337060432
A_G1,2,pls,78,10,70,4,,0.11559060958219458,1,,0.19502072496583678,3,0.9230020070637441,0.10993051872000685
A_G1,3,pls,78,10,70,4,,0.10406425330029109,1,,0.15924734473635607,3,0.9563596473865388,0.14169206480551538
A_G1,4,pls,78,10,70,4,,0.11562337836333635,1,,0.19699479607704537,3,0.9240841919375616,0.13070146099284924
A_G1,5,pls,78,10,70,4,,0.10747719401621797,1,,0.19720099414361977,3,0.9217592453861796,0.12219245120354164
A_G1,6,pls,78,10,70,4,,0.11309109154225741,1,,0.1366330069114281,3,0.9352934206888084,0.1310608232634584
A_G1,7,pls,82,6,70,4,,0.10390586990552927,1,,0.19724388844976148,3,0.9226528933479736,0.13940305834833475
A_G1,8,pls,78,10,70,4,,0.10704313762091962,1,,0.19585382249310845,3,0.9264899355054267,0.17573994798358145
A_G1,9,pls,79,9,70,4,,0.11455019164375337,1,,0.19374665393873902,3,0.9225898105347882,0.11820828851165116
A_G1,10,pls,84,4,70,4,,0.11336001521578029,1,,0.19466461394356432,3,0.9243245451313368,0.09581063861954942
B_G1_G2,1,pls,79,9,120,4,,0.12467195015093761,1,,0.17822911505571803,3,0.9637965610994957,0.16606290715018682
B_G1_G2,2,pls,78,10,120,4,,0.12730719009908933,1,,0.194883489169845,3,0.9230020070637441,0.1000246787023745
B_G1_G2,3,pls,78,10,120,4,,0.12067115319189287,1,,0.15649324884175253,3,0.9563596473865388,0.15294255647474092
B_G1_G2,4,pls,78,10,120,4,,0.12680311818618634,1,,0.1955458719637336,3,0.9240841919375616,0.12880056094104558
B_G1_G2,5,pls,78,10,120,4,,0.11572340971313262,1,,0.19491240570019192,3,0.9217592453861796,0.14370442738708564
B_G1_G2,6,pls,78,10,120,4,,0.12447707676307902,1,,0.1367594014985095,3,0.9352934206888084,0.1424849953132992
B_G1_G2,7,pls,82,6,120,4,,0.11572208508152221,1,,0.1949032734791438,3,0.9226528933479736,0.13434345542374684
B_G1_G2,8,pls,78,10,120,4,,0.10779795525707371,1,,0.19282816763135363,3,0.9264899355054267,0.25033695498490294
B_G1_G2,9,pls,79,9,120,4,,0.12784143723759347,1,,0.19300385528381808,3,0.9225898105347882,0.10316199857173698
B_G1_G2,10,pls,84,4,120,4,,0.12289338374040842,1,,0.19260312975422605,3,0.9243245451313368,0.10862370068537754
C_G1_G2_G3,1,pls,79,9,193,4,,0.11661716310327466,1,,0.17839373226132688,3,0.9637965610994957,0.1656330011454818
C_G1_G2_G3,2,pls,78,10,193,4,,0.11405062631761233,1,,0.19582086908395635,3,0.9230020070637441,0.10465854568042898
C_G1_G2_G3,3,pls,78,10,193,4,,0.11460912223667824,1,,0.15844226495058122,3,0.9563596473865388,0.13764014938151334
C_G1_G2_G3,4,pls,78,10,193,4,,0.12040855881935153,1,,0.1970916932900977,3,0.9240841919375616,0.14029616655920846
C_G1_G2_G3,5,pls,78,10,193,4,,0.10879738517175212,1,,0.19777826946321048,3,0.9217592453861796,0.12650669318529167
C_G1_G2_G3,6,pls,78,10,193,4,,0.10996901627869107,1,,0.1358976260952245,3,0.9352934206888084,0.14207867336271032
C_G1_G2_G3,7,pls,82,6,193,4,,0.11078548435513735,1,,0.19709569676598926,3,0.9226528933479736,0.1137110308871417
C_G1_G2_G3,8,pls,78,10,193,4,,0.11017498737131884,1,,0.19594829764104907,3,0.9264899355054267,0.2081151361175412
C_G1_G2_G3,9,pls,79,9,193,4,,0.12410387309174682,1,,0.195502690164673,3,0.9225898105347882,0.10458824631369104
C_G1_G2_G3,10,pls,84,4,193,4,,0.11483776498089274,1,,0.19457793316160277,3,0.9243245451313368,0.11164532224151229
D_all,1,pls,79,9,241,4,,0.12417187075038082,1,,0.17801566415624226,3,0.9637965610994957,0.1632616167475257
D_all,2,pls,78,10,241,4,,0.12236676101735267,1,,0.1961824972632158,3,0.9230020070637441,0.10482700756630539
D_all,3,pls,78,10,241,4,,0.12528734045057163,1,,0.15837954533322052,3,0.9563596473865388,0.14133134129026187
D_all,4,pls,78,10,241,4,,0.12456238097282167,1,,0.19682012784788816,3,0.9240841919375616,0.14558216783238448
D_all,5,pls,78,10,241,4,,0.11815423983617628,1,,0.19682531691434318,3,0.9217592453861796,0.1472462218960636
D_all,6,pls,78,10,241,4,,0.11612810436572062,1,,0.13509801148705824,3,0.9352934206888084,0.15170838434026573
D_all,7,pls,82,6,241,4,,0.11819080487574893,1,,0.1961229115683903,3,0.9226528933479736,0.12948488604417083
D_all,8,pls,78,10,241,4,,0.11003240589285415,1,,0.19530861808374048,3,0.9264899355054267,0.2470046884890146
D_all,9,pls,79,9,241,4,,0.1337462134647941,1,,0.195364007170654,3,0.9225898105347882,0.08957749572447743
D_all,10,pls,84,4,241,4,,0.12592228460713106,1,,0.19416883353186734,3,0.9243245451313368,0.10137289310385034
family_only__gas_or_backside_flow,1,pls,79,9,58,1,,0.32179188436009454,1,,0.20747607294076234,3,0.9637965610994957,0.28601623481515737
family_only__gas_or_backside_flow,2,pls,78,10,58,1,,0.3264621660135411,1,,0.22510185516649223,3,0.9230020070637441,0.25631639616277313
family_only__gas_or_backside_flow,3,pls,78,10,58,2,,0.3167537846458012,2,,0.1949457725537914,3,0.9563596473865388,0.34260978652882984
family_only__gas_or_backside_flow,4,pls,78,10,58,1,,0.3124859902293561,1,,0.22735567001873497,3,0.9240841919375616,0.3960091629351789
family_only__gas_or_backside_flow,5,pls,78,10,58,1,,0.30572105366976127,1,,0.22108879494390937,3,0.9217592453861796,0.3710479566645965
family_only__gas_or_backside_flow,6,pls,78,10,58,1,,0.3114147630647103,1,,0.16538212439423433,3,0.9352934206888084,0.32795639836809637
family_only__gas_or_backside_flow,7,pls,82,6,58,1,,0.3257578650767542,1,,0.22357558936434266,3,0.9226528933479736,0.2271067645943352
family_only__gas_or_backside_flow,8,pls,78,10,58,4,,0.28038358630461935,1,,0.22659131549545058,3,0.9264899355054267,0.5131478459184334
family_only__gas_or_backside_flow,9,pls,79,9,58,1,,0.32507997186239673,1,,0.22473555615421079,3,0.9225898105347882,0.26703093662630023
family_only__gas_or_backside_flow,10,pls,84,4,58,1,,0.29968448698625827,1,,0.2174170974276025,3,0.9243245451313368,0.46316719666424433
family_only__heater_temperature,1,pls,79,9,39,1,,0.2752022928503511,1,,0.187846861850694,3,0.9637965610994957,0.2691085397376271
family_only__heater_temperature,2,pls,78,10,39,1,,0.2725836572856997,1,,0.20499881495197567,3,0.9230020070637441,0.2469104496172442
family_only__heater_temperature,3,pls,78,10,39,1,,0.256514007442991,1,,0.1644447524176177,3,0.9563596473865388,0.2617733478374523
family_only__heater_temperature,4,pls,78,10,39,1,,0.25323356891210813,1,,0.20261994089364885,3,0.9240841919375616,0.37741871901125024
family_only__heater_temperature,5,pls,78,10,39,1,,0.24570990174662644,1,,0.19707596410597703,3,0.9217592453861796,0.31863563273713913
family_only__heater_temperature,6,pls,78,10,39,1,,0.2742149547433427,1,,0.14836110808245992,3,0.9352934206888084,0.2625653489068377
family_only__heater_temperature,7,pls,82,6,39,1,,0.28546475234016083,1,,0.20393367358008513,3,0.9226528933479736,0.06646092704653377
family_only__heater_temperature,8,pls,78,10,39,1,,0.22362568349445747,1,,0.19466342733654066,3,0.9264899355054267,0.4946995986052956
family_only__heater_temperature,9,pls,79,9,39,1,,0.2783593168433704,1,,0.20397579534677823,3,0.9225898105347882,0.18932821329949312
family_only__heater_temperature,10,pls,84,4,39,1,,0.2643762788141942,1,,0.20013185663394553,3,0.9243245451313368,0.24113104832273016
family_only__pressure,1,pls,79,9,30,2,,0.2491478327725217,1,,0.21107833065806608,3,0.9637965610994957,0.27633290397377924
family_only__pressure,2,pls,78,10,30,2,,0.2542826799204099,1,,0.22363446439649604,3,0.9230020070637441,0.24640514428026505
family_only__pressure,3,pls,78,10,30,2,,0.2556453592855852,1,,0.18840501169338958,3,0.9563596473865388,0.2412603576365245
family_only__pressure,4,pls,78,10,30,2,,0.2367011798629743,1,,0.21986451908961685,3,0.9240841919375616,0.41204562571561476
family_only__pressure,5,pls,78,10,30,4,,0.23666571172684817,1,,0.2209022986433071,3,0.9217592453861796,0.35606974945564707
family_only__pressure,6,pls,78,10,30,2,,0.24853640442205638,1,,0.1555691095589602,3,0.9352934206888084,0.31295767858698176
family_only__pressure,7,pls,82,6,30,2,,0.2610049559634386,1,,0.22352116234373667,3,0.9226528933479736,0.17417730369747106
family_only__pressure,8,pls,78,10,30,4,,0.2520287988280105,1,,0.22471614968651718,3,0.9264899355054267,0.32543557956912395
family_only__pressure,9,pls,79,9,30,2,,0.2596573703463753,1,,0.22381293125292365,3,0.9225898105347882,0.2301558303305914
family_only__pressure,10,pls,84,4,30,2,,0.24340585821986072,1,,0.21946953940528743,3,0.9243245451313368,0.27379617540055384
family_only__remaining_process_signals,1,pls,79,9,10,2,,0.30459669155912944,1,,0.18651560609011103,3,0.9637965610994957,0.35628056558434973
family_only__remaining_process_signals,2,pls,78,10,10,1,,0.32267908738126583,1,,0.20261608875916465,3,0.9230020070637441,0.27482242934187495
family_only__remaining_process_signals,3,pls,78,10,10,2,,0.3150156155483756,1,,0.16662186710803167,3,0.9563596473865388,0.31252305058056107
family_only__remaining_process_signals,4,pls,78,10,10,2,,0.3056821944491157,1,,0.20257896467712622,3,0.9240841919375616,0.38135026826177154
family_only__remaining_process_signals,5,pls,78,10,10,2,,0.30630809326891023,1,,0.19877184358370895,3,0.9217592453861796,0.3271996184101057
family_only__remaining_process_signals,6,pls,78,10,10,4,,0.29031913572358825,2,,0.14744329086441593,3,0.9352934206888084,0.48169731151323686
family_only__remaining_process_signals,7,pls,82,6,10,4,,0.32052054232947846,1,,0.20253941978520396,3,0.9226528933479736,0.2334505622867766
family_only__remaining_process_signals,8,pls,78,10,10,2,,0.3097614098172811,1,,0.2029640538831181,3,0.9264899355054267,0.30323942207739357
family_only__remaining_process_signals,9,pls,79,9,10,1,,0.3173346184082034,1,,0.20121945780883124,3,0.9225898105347882,0.2935434519951885
family_only__remaining_process_signals,10,pls,84,4,10,1,,0.30825959292557026,1,,0.20004723998696552,3,0.9243245451313368,0.3650204479613658
family_only__rf_power_matching_electrical,1,pls,79,9,104,4,,0.1236633139941197,1,,0.1819154724101072,3,0.9637965610994957,0.20816296436727563
family_only__rf_power_matching_electrical,2,pls,78,10,104,4,,0.10893206675779246,1,,0.19657366686244257,3,0.9230020070637441,0.14154309085152542
family_only__rf_power_matching_electrical,3,pls,78,10,104,4,,0.1292090677550434,1,,0.15857754681507574,3,0.9563596473865388,0.14024877095329186
family_only__rf_power_matching_electrical,4,pls,78,10,104,4,,0.12489481630971239,1,,0.19902284326865693,3,0.9240841919375616,0.11910546114485043
family_only__rf_power_matching_electrical,5,pls,78,10,104,4,,0.13156641856274295,1,,0.19795159086757808,3,0.9217592453861796,0.11981568307005593
family_only__rf_power_matching_electrical,6,pls,78,10,104,4,,0.12975453353489957,1,,0.13998534779813038,3,0.9352934206888084,0.13073554852480135
family_only__rf_power_matching_electrical,7,pls,82,6,104,4,,0.11618055380066622,1,,0.19749115466994546,3,0.9226528933479736,0.19400610714582425
family_only__rf_power_matching_electrical,8,pls,78,10,104,4,,0.12864320770890933,1,,0.19673319871522935,3,0.9264899355054267,0.11297631896599736
family_only__rf_power_matching_electrical,9,pls,79,9,104,4,,0.13021282694907968,1,,0.194819914345023,3,0.9225898105347882,0.14208755554133437
family_only__rf_power_matching_electrical,10,pls,84,4,104,4,,0.1269289459961046,1,,0.19580313588522336,3,0.9243245451313368,0.13859749749459926
