experiment_key,lot_number,family,stage,mae,rmse,mean_error,mean_predicted_std
2024-07-02_01,1,ridge,template,0.6920004835727498,0.7504100949033217,-0.6853522969705637,
2024-07-02_01,1,ridge,mean_shift,0.2663168548042805,0.3212825120776797,0.0990702427419734,
2024-07-02_01,1,ridge,full_map,0.17695130980581178,0.25171925511843957,0.0990702427419734,
2024-07-02_02,1,ridge,template,0.43630285876831243,0.5019599017769464,-0.43630285876831465,
2024-07-02_02,1,ridge,mean_shift,0.2008308397307874,0.24911177506465715,-0.021286569788124154,
2024-07-02_02,1,ridge,full_map,0.17501247960768257,0.20959777369487426,-0.02128656978813126,
2024-07-02_03,1,ridge,template,0.5500478025885371,0.6107820924948041,-0.5500478025885371,
2024-07-02_03,1,ridge,mean_shift,0.23827156343222938,0.3060737750448918,-0.1522464330957476,
2024-07-02_03,1,ridge,full_map,0.2272227538987588,0.2860238991063612,-0.1522464330957547,
2024-07-02_04,1,ridge,template,0.317329554828617,0.38649659737790293,-0.3114208362963993,
2024-07-02_04,1,ridge,mean_shift,0.2004499039700477,0.24908971706909516,-0.09822934716476084,
2024-07-02_04,1,ridge,full_map,0.19207573900564912,0.23749296680274742,-0.09822934716477505,
2024-07-02_05,1,ridge,template,0.20160459394111668,0.25271319665173775,0.15919489404067377,
2024-07-02_05,1,ridge,mean_shift,0.16668559478371692,0.19651592363571269,0.009877386753558426,
2024-07-02_05,1,ridge,full_map,0.17141135281493491,0.20660396078216692,0.00987738675355132,
2024-07-02_06,1,ridge,template,0.15854157303370744,0.19078947664892776,0.001569051344048944,
2024-07-02_06,1,ridge,mean_shift,0.16953556788502153,0.20337765609705297,-0.07045784925527698,
2024-07-02_06,1,ridge,full_map,0.16849127625888452,0.20046368742782245,-0.07045784925528409,
2024-07-02_08,1,ridge,template,0.4813634333665187,0.49634943383118935,0.48136343336651777,
2024-07-02_08,1,ridge,mean_shift,0.12477583832846514,0.16604993877671895,0.11366871462989536,
2024-07-02_08,1,ridge,full_map,0.1326714237478269,0.1647057192787008,0.11366871462989536,
2024-07-02_09,1,ridge,template,0.24446711705304955,0.2911404591089917,0.240388152467645,
2024-07-02_09,1,ridge,mean_shift,0.13405549426458352,0.1720424910865213,0.05120855061284857,
2024-07-02_09,1,ridge,full_map,0.13402188503117038,0.1609500284075513,0.05120855061283436,
2024-07-02_10,1,ridge,template,0.2973862181766453,0.32790199266279885,0.2954712985350625,
2024-07-02_10,1,ridge,mean_shift,0.12745654397525177,0.1718090071026457,0.09644639126145194,
2024-07-02_10,1,ridge,full_map,0.12546953948123474,0.1605934288841982,0.09644639126144483,
2024-07-02_01,1,pls,template,0.6920004835727498,0.7504100949033217,-0.6853522969705637,
2024-07-02_01,1,pls,mean_shift,0.26361858254200343,0.31952496963103894,0.0932130175872743,
2024-07-02_01,1,pls,full_map,0.14585171856233559,0.24489355517343767,0.09321301758726719,
2024-07-02_02,1,pls,template,0.43630285876831243,0.5019599017769464,-0.43630285876831465,
2024-07-02_02,1,pls,mean_shift,0.2018067089154627,0.25890445734508666,-0.07367468771996499,
2024-07-02_02,1,pls,full_map,0.1706597400302561,0.20874873896966056,-0.0736746877199721,
2024-07-02_03,1,pls,template,0.5500478025885371,0.6107820924948041,-0.5500478025885371,
2024-07-02_03,1,pls,mean_shift,0.25306964972342444,0.3295632000524068,-0.1952171187394427,
2024-07-02_03,1,pls,full_map,0.24692393550660252,0.3124525001526235,-0.1952171187394498,
2024-07-02_04,1,pls,template,0.317329554828617,0.38649659737790293,-0.3114208362963993,
2024-07-02_04,1,pls,mean_shift,0.2039169404596333,0.2552430687110257,-0.1129262662974142,
2024-07-02_04,1,pls,full_map,0.2012042319054522,0.24866068807336442,-0.1129262662974142,
2024-07-02_05,1,pls,template,0.20160459394111668,0.25271319665173775,0.15919489404067377,
2024-07-02_05,1,pls,mean_shift,0.17318301537749226,0.2044856988611191,-0.05738863620441492,
2024-07-02_05,1,pls,full_map,0.17476120752299878,0.20970205231533065,-0.05738863620442913,
2024-07-02_06,1,pls,template,0.15854157303370744,0.19078947664892776,0.001569051344048944,
2024-07-02_06,1,pls,mean_shift,0.1843469212150165,0.22262588406867975,-0.114735006774346,
2024-07-02_06,1,pls,full_map,0.18432686356993241,0.22263329236851315,-0.11473500677435311,
2024-07-02_08,1,pls,template,0.4813634333665187,0.49634943383118935,0.48136343336651777,
2024-07-02_08,1,pls,mean_shift,0.09347286571460021,0.12479755157862368,0.03037142403444193,
2024-07-02_08,1,pls,full_map,0.08580213990970464,0.11607425287411134,0.030371424034434824,
2024-07-02_09,1,pls,template,0.24446711705304955,0.2911404591089917,0.240388152467645,
2024-07-02_09,1,pls,mean_shift,0.14330620581506626,0.1698512873697479,-0.043279980796810946,
2024-07-02_09,1,pls,full_map,0.14236900698813668,0.17523344892270046,-0.04327998079681805,
2024-07-02_10,1,pls,template,0.2973862181766453,0.32790199266279885,0.2954712985350625,
2024-07-02_10,1,pls,mean_shift,0.11454505549879944,0.15093472787139375,0.050644481864964064,
2024-07-02_10,1,pls,full_map,0.11745570673231226,0.14812832759107597,0.050644481864964064,
2024-07-02_01,1,gpr,template,0.6920004835727498,0.7504100949033217,-0.6853522969705637,
2024-07-02_01,1,gpr,mean_shift,0.23606949891226786,0.3069194675286069,0.028142849501314515,0.17739757432569303
2024-07-02_01,1,gpr,full_map,0.18228803301128838,0.25919724608692396,0.028142849501300304,0.23485375039485237
2024-07-02_02,1,gpr,template,0.43630285876831243,0.5019599017769464,-0.43630285876831465,
2024-07-02_02,1,gpr,mean_shift,0.20091848632135703,0.25571209555293717,-0.06152330769354819,0.1744560609405568
2024-07-02_02,1,gpr,full_map,0.19281124457664478,0.24460971758651062,-0.061523307693555296,0.23183306268686665
2024-07-02_03,1,gpr,template,0.5500478025885371,0.6107820924948041,-0.5500478025885371,
2024-07-02_03,1,gpr,mean_shift,0.2545291231303053,0.3319099366406679,-0.19915327429133356,0.1487910284270338
2024-07-02_03,1,gpr,full_map,0.24948157652302436,0.31559535580464426,-0.19915327429134067,0.2053740293817371
2024-07-02_04,1,gpr,template,0.317329554828617,0.38649659737790293,-0.3114208362963993,
2024-07-02_04,1,gpr,mean_shift,0.19405302366304583,0.23692873659903563,-0.06114363189465166,0.14636971378712296
2024-07-02_04,1,gpr,full_map,0.19174567115549998,0.2328896831183107,-0.06114363189465877,0.20134010490550308
2024-07-02_05,1,gpr,template,0.20160459394111668,0.25271319665173775,0.15919489404067377,
2024-07-02_05,1,gpr,mean_shift,0.1667759877383349,0.19644199235571522,-0.008277130382268183,0.1595251816937738
2024-07-02_05,1,gpr,full_map,0.16754991848470116,0.19637103663599256,-0.008277130382275288,0.21605149333352086
2024-07-02_06,1,gpr,template,0.15854157303370744,0.19078947664892776,0.001569051344048944,
2024-07-02_06,1,gpr,mean_shift,0.17384925365420464,0.21012874980667895,-0.08806775242656073,0.14825544302729604
2024-07-02_06,1,gpr,full_map,0.17109399346504917,0.20397437834808715,-0.08806775242657494,0.20336874690700452
2024-07-02_08,1,gpr,template,0.4813634333665187,0.49634943383118935,0.48136343336651777,
2024-07-02_08,1,gpr,mean_shift,0.13267603209306225,0.17323649607983582,0.12393094081737388,0.18127744131238874
2024-07-02_08,1,gpr,full_map,0.13172050851525835,0.16450748826680514,0.12393094081737388,0.23856840313482416
2024-07-02_09,1,gpr,template,0.24446711705304955,0.2911404591089917,0.240388152467645,
2024-07-02_09,1,gpr,mean_shift,0.13912682071180082,0.1659865731126239,-0.02398414831267104,0.14827892089871303
2024-07-02_09,1,gpr,full_map,0.13020001008711266,0.15234514387580184,-0.023984148312678144,0.20434180945406621
2024-07-02_10,1,gpr,template,0.2973862181766453,0.32790199266279885,0.2954712985350625,
2024-07-02_10,1,gpr,mean_shift,0.12527839579011157,0.16882410552016222,0.09102279972865546,0.13342429444109238
2024-07-02_10,1,gpr,full_map,0.12558607418654827,0.15587305040327099,0.09102279972864835,0.18452442758224596
2024-07-05_01,2,ridge,template,0.5909476519734955,0.6533933032096673,-0.5909476519734937,
2024-07-05_01,2,ridge,mean_shift,0.22835126544247328,0.2796608258141397,0.022505470197131672,
2024-07-05_01,2,ridge,full_map,0.130786004448254,0.16640036228777905,0.022505470197124566,
2024-07-05_02,2,ridge,template,0.5882352924229329,0.6044792726105188,-0.5882352924229295,
2024-07-05_02,2,ridge,mean_shift,0.1257779971943255,0.14459375946111058,0.03915256710931203,
2024-07-05_02,2,ridge,full_map,0.10397891805367744,0.15971522257352183,0.039152567109304925,
2024-07-05_03,2,ridge,template,0.33805776433304563,0.34091727508115377,-0.338057764333044,
2024-07-05_03,2,ridge,mean_shift,0.10660786504267956,0.11257818853240421,0.10359687307218479,
2024-07-05_03,2,ridge,full_map,0.10581415344791135,0.1361316745618971,0.10359687307218479,
2024-07-05_04,2,ridge,template,0.17793549409392084,0.19950522748154673,0.17793549409392284,
2024-07-05_04,2,ridge,mean_shift,0.13369378911356988,0.16129266871609405,0.13369378911357188,
2024-07-05_04,2,ridge,full_map,0.1430931948336126,0.16512477027887604,0.13369378911356478,
2024-07-05_05,2,ridge,template,0.07485298184961113,0.11141938338220372,0.056873696341114055,
2024-07-05_05,2,ridge,mean_shift,0.1674794132556249,0.1929482197954101,0.1674794132556272,
2024-07-05_05,2,ridge,full_map,0.16747941325561883,0.19435748730164623,0.1674794132556201,
2024-07-05_06,2,ridge,template,0.1843141457793142,0.22158735312189487,0.18431414577931804,
2024-07-05_06,2,ridge,mean_shift,0.09218641394045199,0.14268861943052893,0.07232421023268643,
2024-07-05_06,2,ridge,full_map,0.07419304956303004,0.11350038334599391,0.07232421023267221,
2024-07-05_07,2,ridge,template,0.3005411120714491,0.32464758908768193,0.30054111207144985,
2024-07-05_07,2,ridge,mean_shift,0.2218775829858039,0.253575943036644,0.22187758298580462,
2024-07-05_07,2,ridge,full_map,0.22187758298579824,0.24621146558918372,0.22187758298579752,
2024-07-05_08,2,ridge,template,0.6336208873523479,0.6483112893609753,0.6336208873523503,
2024-07-05_08,2,ridge,mean_shift,0.10633627691930538,0.15138450653030952,0.06391533300947572,
2024-07-05_08,2,ridge,full_map,0.07950818679314202,0.11394546685860422,0.0639153330094615,
2024-07-05_09,2,ridge,template,0.40870178622875203,0.42761520282157567,0.40870178622876097,
2024-07-05_09,2,ridge,mean_shift,0.18986020224065359,0.20817023042283528,-0.1658831914834309,
2024-07-05_09,2,ridge,full_map,0.17572911311000192,0.18819655855846204,-0.1658831914834451,
2024-07-05_10,2,ridge,template,0.4903276289253811,0.5117775051507701,0.4903276289253924,
2024-07-05_10,2,ridge,mean_shift,0.187497322936433,0.23801318702771357,0.18749732293643717,
2024-07-05_10,2,ridge,full_map,0.18749732293642704,0.21400031049096416,0.18749732293643717,
2024-07-05_01,2,pls,template,0.5909476519734955,0.6533933032096673,-0.5909476519734937,
2024-07-05_01,2,pls,mean_shift,0.2103795889802311,0.3433568738053365,-0.20047508943287795,
2024-07-05_01,2,pls,full_map,0.22157967943561357,0.27234594085515546,-0.20047508943288506,
2024-07-05_02,2,pls,template,0.5882352924229329,0.6044792726105188,-0.5882352924229295,
2024-07-05_02,2,pls,mean_shift,0.11267285197418447,0.16248199925787818,-0.08382104937895463,
2024-07-05_02,2,pls,full_map,0.10232660777983531,0.13554578749505028,-0.08382104937895463,
2024-07-05_03,2,pls,template,0.33805776433304563,0.34091727508115377,-0.338057764333044,
2024-07-05_03,2,pls,mean_shift,0.10025623738232183,0.10619114695757491,0.09661792416142845,
2024-07-05_03,2,pls,full_map,0.0986289105646475,0.1454584499973038,0.09661792416142134,
2024-07-05_04,2,pls,template,0.17793549409392084,0.19950522748154673,0.17793549409392284,
2024-07-05_04,2,pls,mean_shift,0.06758219541968626,0.09362184054888129,0.0249750534282569,
2024-07-05_04,2,pls,full_map,0.060871728084151436,0.08524378311537777,0.024975053428249794,
2024-07-05_05,2,pls,template,0.07485298184961113,0.11141938338220372,0.056873696341114055,
2024-07-05_05,2,pls,mean_shift,0.07736132884300904,0.11512912387597479,0.06383614576930796,
2024-07-05_05,2,pls,full_map,0.08052734097372147,0.12042924511771617,0.06383614576930796,
2024-07-05_06,2,pls,template,0.1843141457793142,0.22158735312189487,0.18431414577931804,
2024-07-05_06,2,pls,mean_shift,0.11210234742617219,0.1288854908704929,-0.0384995977604774,
2024-07-05_06,2,pls,full_map,0.08906624594525912,0.10334192295231001,-0.038499597760484505,
2024-07-05_07,2,pls,template,0.3005411120714491,0.32464758908768193,0.30054111207144985,
2024-07-05_07,2,pls,mean_shift,0.13755184661242592,0.18245650791285808,0.13497881398372868,
2024-07-05_07,2,pls,full_map,0.13805263442109134,0.1760617105329605,0.13497881398372158,
2024-07-05_08,2,pls,template,0.6336208873523479,0.6483112893609753,0.6336208873523503,
2024-07-05_08,2,pls,mean_shift,0.12184130758528974,0.14042512473600677,-0.029784503242616722,
2024-07-05_08,2,pls,full_map,0.05980098388817152,0.08929707074647146,-0.029784503242630933,
2024-07-05_09,2,pls,template,0.40870178622875203,0.42761520282157567,0.40870178622876097,
2024-07-05_09,2,pls,mean_shift,0.11691470242571975,0.13484153477620364,-0.048627439612182854,
2024-07-05_09,2,pls,full_map,0.09157884415549274,0.1076435056608978,-0.04862743961218996,
2024-07-05_10,2,pls,template,0.4903276289253811,0.5117775051507701,0.4903276289253924,
2024-07-05_10,2,pls,mean_shift,0.12125575218715919,0.17468047291731406,0.09496439610642682,
2024-07-05_10,2,pls,full_map,0.10583710041506993,0.14475924625157766,0.09496439610641261,
2024-07-05_01,2,gpr,template,0.5909476519734955,0.6533933032096673,-0.5909476519734937,
2024-07-05_01,2,gpr,mean_shift,0.1971763350712264,0.32644120279139993,-0.1698828348410828,0.17777061463318147
2024-07-05_01,2,gpr,full_map,0.17623794780215088,0.2737170093812512,-0.1698828348410899,0.23473749800401467
2024-07-05_02,2,gpr,template,0.5882352924229329,0.6044792726105188,-0.5882352924229295,
2024-07-05_02,2,gpr,mean_shift,0.10759722397921638,0.14478742516771295,-0.03986184545210136,0.13518938404144376
2024-07-05_02,2,gpr,full_map,0.08201931039968179,0.13027312548028505,-0.03986184545210136,0.19120161308451744
2024-07-05_03,2,gpr,template,0.33805776433304563,0.34091727508115377,-0.338057764333044,
2024-07-05_03,2,gpr,mean_shift,0.12366448387549292,0.12980020684770283,0.12209241284701022,0.13168751827407918
2024-07-05_03,2,gpr,full_map,0.12226726891616962,0.13848347931017038,0.12209241284700312,0.18610687343908996
2024-07-05_04,2,gpr,template,0.17793549409392084,0.19950522748154673,0.17793549409392284,
2024-07-05_04,2,gpr,mean_shift,0.0682310871607545,0.09207066447699797,0.018322432240836406,0.13298847450638
2024-07-05_04,2,gpr,full_map,0.06420292752082454,0.09565267371657853,0.0183224322408293,0.1884470935153995
2024-07-05_05,2,gpr,template,0.07485298184961113,0.11141938338220372,0.056873696341114055,
2024-07-05_05,2,gpr,mean_shift,0.08655103760808226,0.1258426696645561,0.08158869928202961,0.1213728655600317
2024-07-05_05,2,gpr,full_map,0.08367375021432134,0.12324397873084204,0.0815886992820225,0.1749546582321209
2024-07-05_06,2,gpr,template,0.1843141457793142,0.22158735312189487,0.18431414577931804,
2024-07-05_06,2,gpr,mean_shift,0.08994131855799976,0.12829033852391114,0.036457649805917924,0.12071982872120411
2024-07-05_06,2,gpr,full_map,0.053547441815692674,0.0842674573879818,0.036457649805917924,0.1744010464624569
2024-07-05_07,2,gpr,template,0.3005411120714491,0.32464758908768193,0.30054111207144985,
2024-07-05_07,2,gpr,mean_shift,0.1679966720506864,0.207660085120185,0.16748616031428298,0.11974565602424826
2024-07-05_07,2,gpr,full_map,0.16748616031427588,0.1887604290135742,0.16748616031427588,0.17265315782932025
2024-07-05_08,2,gpr,template,0.6336208873523479,0.6483112893609753,0.6336208873523503,
2024-07-05_08,2,gpr,mean_shift,0.10712864320278119,0.1395545430442974,0.025364768096501678,0.139945611291116
2024-07-05_08,2,gpr,full_map,0.08077473327080785,0.15476459682714416,0.025364768096494572,0.19522778182467065
2024-07-05_09,2,gpr,template,0.40870178622875203,0.42761520282157567,0.40870178622876097,
2024-07-05_09,2,gpr,mean_shift,0.09685853517810472,0.14042132007997896,0.06245426739175031,0.13360416401432706
2024-07-05_09,2,gpr,full_map,0.0751599191915213,0.11072807497141564,0.0624542673917432,0.1889568630687133
2024-07-05_10,2,gpr,template,0.4903276289253811,0.5117775051507701,0.4903276289253924,
2024-07-05_10,2,gpr,mean_shift,0.14943532845493207,0.2068036029901192,0.14585163392618483,0.12366324891349414
2024-07-05_10,2,gpr,full_map,0.1458516339261675,0.17258117932510952,0.14585163392617773,0.17806777087433587
2024-07-09_01,3,ridge,template,0.5841281042927114,0.6234476144965109,-0.5784258282915573,
2024-07-09_01,3,ridge,mean_shift,0.15847012641581654,0.2345431546107161,-0.030000036468862845,
2024-07-09_01,3,ridge,full_map,0.08181621015717594,0.14827367263136718,-0.030000036468862845,
2024-07-09_02,3,ridge,template,0.5492742005185824,1.2726243555641892,-0.2971033563814416,
2024-07-09_02,3,ridge,mean_shift,0.32575859744889873,1.2684359041372424,0.27861675632024685,
2024-07-09_02,3,ridge,full_map,0.29082890971168585,1.2753495991836141,0.27861675632024685,
2024-07-09_03,3,ridge,template,0.567262906943245,0.5815672846945394,-0.5672629069432418,
2024-07-09_03,3,ridge,mean_shift,0.09891828460541487,0.13009324949201295,-0.022157448637251775,
2024-07-09_03,3,ridge,full_map,0.0870392117461977,0.12269609305377073,-0.022157448637251775,
2024-07-09_04,3,ridge,template,0.3734651541342567,0.383855915379579,-0.3734651541342586,
2024-07-09_04,3,ridge,mean_shift,0.0670705986662915,0.08906446279713212,-0.00795839895779693,
2024-07-09_04,3,ridge,full_map,0.04423362535782089,0.06989562274809644,-0.00795839895779693,
2024-07-09_05,3,ridge,template,0.27794605301066067,0.2829198084437817,-0.2779460530106519,
2024-07-09_05,3,ridge,mean_shift,0.0594159154106123,0.07161993279358489,0.04837153241005154,
2024-07-09_05,3,ridge,full_map,0.06671472397582709,0.09352878054992789,0.04837153241004444,
2024-07-09_06,3,ridge,template,0.02251557188130161,0.03786491555635987,-0.015666277729756928,
2024-07-09_06,3,ridge,mean_shift,0.16575047495045434,0.1692971928842455,-0.1657504749504497,
2024-07-09_06,3,ridge,full_map,0.16575047495045656,0.17557181644051123,-0.1657504749504568,
2024-07-09_07,3,ridge,template,0.1021006770383171,0.10812659701975304,0.09968316047249459,
2024-07-09_07,3,ridge,mean_shift,0.10844035228797758,0.1161860338272628,-0.1083723486652417,
2024-07-09_07,3,ridge,full_map,0.10837234866524513,0.11738218025095437,-0.1083723486652417,
2024-07-09_08,3,ridge,template,0.17974720541630573,0.19164827826481448,0.1797472054163194,
2024-07-09_08,3,ridge,mean_shift,0.11219909575780575,0.1228174519191116,-0.10326723482792488,
2024-07-09_08,3,ridge,full_map,0.10326723482793335,0.1180359434920981,-0.10326723482792488,
2024-07-09_09,3,ridge,template,0.25552922788821614,0.2684531937183587,0.25552922788821775,
2024-07-09_09,3,ridge,mean_shift,0.17471555996285176,0.18645750786751314,-0.16731548442307087,
2024-07-09_09,3,ridge,full_map,0.16743772398727247,0.18369322217841808,-0.16731548442307087,
2024-07-09_10,3,ridge,template,0.7088213627196759,0.7141550889292688,0.7088213627196822,
2024-07-09_10,3,ridge,mean_shift,0.37169939818527176,0.3817724576329291,0.371699398185271,
2024-07-09_10,3,ridge,full_map,0.37169939818526987,0.37574289978884107,0.371699398185271,
2024-07-09_01,3,pls,template,0.5841281042927114,0.6234476144965109,-0.5784258282915573,
2024-07-09_01,3,pls,mean_shift,0.2611577144758428,0.2900179386346553,0.17320483695117161,
2024-07-09_01,3,pls,full_map,0.1732048369511666,0.24029410220457087,0.1732048369511645,
2024-07-09_02,3,pls,template,0.5492742005185824,1.2726243555641892,-0.2971033563814416,
2024-07-09_02,3,pls,mean_shift,0.24759598433983246,1.23941619596687,0.06964309601776364,
2024-07-09_02,3,pls,full_map,0.201178856702194,1.2499899696620262,0.06964309601776364,
2024-07-09_03,3,pls,template,0.567262906943245,0.5815672846945394,-0.5672629069432418,
2024-07-09_03,3,pls,mean_shift,0.16410592467084548,0.20824037923839855,-0.1641059246708494,
2024-07-09_03,3,pls,full_map,0.1641059246708474,0.19524951199545357,-0.1641059246708494,
2024-07-09_04,3,pls,template,0.3734651541342567,0.383855915379579,-0.3734651541342586,
2024-07-09_04,3,pls,mean_shift,0.08198812348565075,0.11841235219978587,-0.07843687101176755,
2024-07-09_04,3,pls,full_map,0.07843687101176323,0.0961556433948194,-0.07843687101176755,
2024-07-09_05,3,pls,template,0.27794605301066067,0.2829198084437817,-0.2779460530106519,
2024-07-09_05,3,pls,mean_shift,0.13437507520300027,0.1413128547286205,0.13107140529456274,
2024-07-09_05,3,pls,full_map,0.13263554837193728,0.139834697648513,0.13107140529456274,
2024-07-09_06,3,pls,template,0.02251557188130161,0.03786491555635987,-0.015666277729756928,
2024-07-09_06,3,pls,mean_shift,0.12184437497421394,0.1266268979523746,-0.1218443749742093,
2024-07-09_06,3,pls,full_map,0.121844374974216,0.13907505225698252,-0.12184437497421641,
2024-07-09_07,3,pls,template,0.1021006770383171,0.10812659701975304,0.09968316047249459,
2024-07-09_07,3,pls,mean_shift,0.08542640603972329,0.09244484852486565,-0.08241008140691974,
2024-07-09_07,3,pls,full_map,0.082410081406931,0.10072307813967747,-0.08241008140692685,
2024-07-09_08,3,pls,template,0.17974720541630573,0.19164827826481448,0.1797472054163194,
2024-07-09_08,3,pls,mean_shift,0.06973587820363532,0.07828072012544414,-0.041326340709787246,
2024-07-09_08,3,pls,full_map,0.04486926610092819,0.07378014663023445,-0.041326340709787246,
2024-07-09_09,3,pls,template,0.25552922788821614,0.2684531937183587,0.25552922788821775,
2024-07-09_09,3,pls,mean_shift,0.10592555852668722,0.1154666985218663,-0.0809977009247902,
2024-07-09_09,3,pls,full_map,0.08290487899120519,0.10209591922822665,-0.08099770092478309,
2024-07-09_10,3,pls,template,0.7088213627196759,0.7141550889292688,0.7088213627196822,
2024-07-09_10,3,pls,mean_shift,0.3317227737214318,0.34297196008016995,0.331722773721431,
2024-07-09_10,3,pls,full_map,0.3317227737214297,0.33566329725937055,0.331722773721431,
2024-07-09_01,3,gpr,template,0.5841281042927114,0.6234476144965109,-0.5784258282915573,
2024-07-09_01,3,gpr,mean_shift,0.31394109837219036,0.3419006720070503,0.25057050970187333,0.2204538683722901
2024-07-09_01,3,gpr,full_map,0.2505705097018754,0.28743398375828216,0.25057050970187333,0.25633549382694387
2024-07-09_02,3,gpr,template,0.5492742005185824,1.2726243555641892,-0.2971033563814416,
2024-07-09_02,3,gpr,mean_shift,0.2723188834303272,1.2374754485477188,-0.0065680862000121465,0.12361757798403614
2024-07-09_02,3,gpr,full_map,0.26937523085603576,1.244458306555664,-0.0065680862000121465,0.16370623391856326
2024-07-09_03,3,gpr,template,0.567262906943245,0.5815672846945394,-0.5672629069432418,
2024-07-09_03,3,gpr,mean_shift,0.2682479091147588,0.29730496426685976,-0.2682479091147627,0.12982452375551712
2024-07-09_03,3,gpr,full_map,0.26824790911476054,0.29399267322714256,-0.2682479091147627,0.16593797341909455
2024-07-09_04,3,gpr,template,0.3734651541342567,0.383855915379579,-0.3734651541342586,
2024-07-09_04,3,gpr,mean_shift,0.120804567285793,0.14987623526255955,-0.12080456728579492,0.12245206642607082
2024-07-09_04,3,gpr,full_map,0.12159811881343258,0.12932956244725857,-0.12080456728580913,0.1593699307172827
2024-07-09_05,3,gpr,template,0.27794605301066067,0.2829198084437817,-0.2779460530106519,
2024-07-09_05,3,gpr,mean_shift,0.1118389990953599,0.12023866995865061,0.10801725847181132,0.1594484107584142
2024-07-09_05,3,gpr,full_map,0.11767005531981303,0.131126220418595,0.10801725847180421,0.20184208776901738
2024-07-09_06,3,gpr,template,0.02251557188130161,0.03786491555635987,-0.015666277729756928,
2024-07-09_06,3,gpr,mean_shift,0.10246489752409113,0.10810816248927152,-0.1024648975240936,0.116925910809097
2024-07-09_06,3,gpr,full_map,0.10413763096472219,0.11017086372659655,-0.1024648975240936,0.15391803834453685
2024-07-09_07,3,gpr,template,0.1021006770383171,0.10812659701975304,0.09968316047249459,
2024-07-09_07,3,gpr,mean_shift,0.10036728293434549,0.1079668780007779,-0.09950989018155809,0.12201346973090815
2024-07-09_07,3,gpr,full_map,0.1024286762841256,0.11749317290334019,-0.09950989018155809,0.15982872291899836
2024-07-09_08,3,gpr,template,0.17974720541630573,0.19164827826481448,0.1797472054163194,
2024-07-09_08,3,gpr,mean_shift,0.06842011563310903,0.07709320131811939,-0.039030206027888426,0.12650499998913525
2024-07-09_08,3,gpr,full_map,0.05642693524719597,0.08033544534702719,-0.039030206027888426,0.16306006585248187
2024-07-09_09,3,gpr,template,0.25552922788821614,0.2684531937183587,0.25552922788821775,
2024-07-09_09,3,gpr,mean_shift,0.08732537885115581,0.09795147860612881,-0.05312778226774384,0.13700623697099398
2024-07-09_09,3,gpr,full_map,0.07573331108527079,0.10837822972884552,-0.05312778226774384,0.1724722105736946
2024-07-09_10,3,gpr,template,0.7088213627196759,0.7141550889292688,0.7088213627196822,
2024-07-09_10,3,gpr,mean_shift,0.2591452463920668,0.2733971937006641,0.25914524639207315,0.1334152881127668
2024-07-09_10,3,gpr,full_map,0.2612120454488934,0.2643573519200827,0.25914524639207315,0.1723256869781773
2024-07-11_01,4,ridge,template,0.6035388792855085,0.6325098245412559,-0.6035388792855088,
2024-07-11_01,4,ridge,mean_shift,0.16255907879341244,0.24711421652188412,-0.15892116496937092,
2024-07-11_01,4,ridge,full_map,0.158921164969369,0.19970939312432576,-0.15892116496937092,
2024-07-11_02,4,ridge,template,0.6646883174877553,0.6793164976193424,-0.6646883174877516,
2024-07-11_02,4,ridge,mean_shift,0.2724766660555994,0.30643739666999154,-0.27247666605559573,
2024-07-11_02,4,ridge,full_map,0.2724766660555967,0.29302064458497695,-0.27247666605559573,
2024-07-11_03,4,ridge,template,0.6126534860270813,0.6181021717238625,-0.612653486027078,
2024-07-11_03,4,ridge,mean_shift,0.13759784446816078,0.15895688809200156,-0.1362398308985746,
2024-07-11_03,4,ridge,full_map,0.1402650002826711,0.15815389125243376,-0.1362398308985746,
2024-07-11_04,4,ridge,template,0.2891737107461823,0.2952584701774141,-0.2891737107461765,
2024-07-11_04,4,ridge,mean_shift,0.18747290174716952,0.19672879330259224,-0.1874729017471637,
2024-07-11_04,4,ridge,full_map,0.18747290174716721,0.19798880466782268,-0.1874729017471637,
2024-07-11_05,4,ridge,template,0.2230197781619127,0.232276074710211,-0.22301977816191254,
2024-07-11_05,4,ridge,mean_shift,0.14240951819066322,0.15515330756565374,-0.14091910948188513,
2024-07-11_05,4,ridge,full_map,0.1419413165818518,0.15654741935815986,-0.14091910948187802,
2024-07-11_06,4,ridge,template,0.07446054451167024,0.09619571027520199,0.055606064534714505,
2024-07-11_06,4,ridge,mean_shift,0.06420495720816392,0.07979327243409927,0.01433129664162891,
2024-07-11_06,4,ridge,full_map,0.05605813618968816,0.06673357321886143,0.014331296641650226,
2024-07-11_07,4,ridge,template,0.4780880870066261,0.492304469808486,0.47808808700662553,
2024-07-11_07,4,ridge,mean_shift,0.09365977919644292,0.11745438757609845,-0.00024719449249488434,
2024-07-11_07,4,ridge,full_map,0.07027693446900093,0.09805801977541273,-0.00024719449249488434,
2024-07-11_08,4,ridge,template,0.552483592624604,0.5643488487649435,0.5524835926246041,
2024-07-11_08,4,ridge,mean_shift,0.09021307849818144,0.12599109479360227,0.05120793868495355,
2024-07-11_08,4,ridge,full_map,0.07696013022620095,0.11457347209439456,0.05120793868495355,
2024-07-11_09,4,ridge,template,0.743309435321233,0.7530559788410577,0.7433094353212297,
2024-07-11_09,4,ridge,mean_shift,0.4045140242943466,0.4221563531222766,0.40451402429434324,
2024-07-11_09,4,ridge,full_map,0.4045140242943496,0.4110004422228718,0.40451402429434324,
2024-07-11_10,4,ridge,template,0.2677566263324694,0.29994288090544974,0.26775662633246355,
2024-07-11_10,4,ridge,mean_shift,0.10573830780509896,0.1414405822272789,0.04163312911462924,
2024-07-11_10,4,ridge,full_map,0.07380954313252845,0.10222148981716686,0.04163312911463635,
2024-07-11_01,4,pls,template,0.6035388792855085,0.6325098245412559,-0.6035388792855088,
2024-07-11_01,4,pls,mean_shift,0.15552900084856358,0.24081712177884113,-0.1489408836076933,
2024-07-11_01,4,pls,full_map,0.15135047037080748,0.18474060105841472,-0.14894088360770041,
2024-07-11_02,4,pls,template,0.6646883174877553,0.6793164976193424,-0.6646883174877516,
2024-07-11_02,4,pls,mean_shift,0.2426585569384977,0.28025616815438914,-0.24265855693849403,
2024-07-11_02,4,pls,full_map,0.24265855693849564,0.26269071100189106,-0.24265855693849403,
2024-07-11_03,4,pls,template,0.6126534860270813,0.6181021717238625,-0.612653486027078,
2024-07-11_03,4,pls,mean_shift,0.09272994578928334,0.12174438432030997,-0.09008714872229007,
2024-07-11_03,4,pls,full_map,0.10418102532018848,0.11584782307428268,-0.09008714872228296,
2024-07-11_04,4,pls,template,0.2891737107461823,0.2952584701774141,-0.2891737107461765,
2024-07-11_04,4,pls,mean_shift,0.19470059550702828,0.20362821787655472,-0.19470059550702956,
2024-07-11_04,4,pls,full_map,0.19470059550702526,0.20978423150984796,-0.19470059550701535,
2024-07-11_05,4,pls,template,0.2230197781619127,0.232276074710211,-0.22301977816191254,
2024-07-11_05,4,pls,mean_shift,0.15017652263752485,0.16281508888137955,-0.14931309298268758,
2024-07-11_05,4,pls,full_map,0.1526015248179054,0.16596798750041603,-0.14931309298268758,
2024-07-11_06,4,pls,template,0.07446054451167024,0.09619571027520199,0.055606064534714505,
2024-07-11_06,4,pls,mean_shift,0.06380849364305363,0.07907561790111507,0.009558926934097656,
2024-07-11_06,4,pls,full_map,0.057674704474745375,0.06915894531357891,0.009558926934111867,
2024-07-11_07,4,pls,template,0.4780880870066261,0.492304469808486,0.47808808700662553,
2024-07-11_07,4,pls,mean_shift,0.10093536627289906,0.12041829605538139,-0.02655360557668729,
2024-07-11_07,4,pls,full_map,0.05914309356194065,0.08248760349023836,-0.02655360557668729,
2024-07-11_08,4,pls,template,0.552483592624604,0.5643488487649435,0.5524835926246041,
2024-07-11_08,4,pls,mean_shift,0.09822747104813218,0.11643202714713269,-0.017461785781044625,
2024-07-11_08,4,pls,full_map,0.04745415306044297,0.06847875200443924,-0.01746178578103752,
2024-07-11_09,4,pls,template,0.743309435321233,0.7530559788410577,0.7433094353212297,
2024-07-11_09,4,pls,mean_shift,0.3629942339903385,0.3825561456060087,0.36299423399033515,
2024-07-11_09,4,pls,full_map,0.3635976654209137,0.3701158896978057,0.36299423399034225,
2024-07-11_10,4,pls,template,0.2677566263324694,0.29994288090544974,0.26775662633246355,
2024-07-11_10,4,pls,mean_shift,0.10626273365110322,0.13659588862088057,0.01965492119578016,
2024-07-11_10,4,pls,full_map,0.08245988885137966,0.10827015576411486,0.019654921195787267,
2024-07-11_01,4,gpr,template,0.6035388792855085,0.6325098245412559,-0.6035388792855088,
2024-07-11_01,4,gpr,mean_shift,0.20174504334557472,0.27660542627813817,-0.20174504334557497,0.15125214517135763
2024-07-11_01,4,gpr,full_map,0.20174504334557267,0.2460378009148808,-0.20174504334557497,0.21133357675057776
2024-07-11_02,4,gpr,template,0.6646883174877553,0.6793164976193424,-0.6646883174877516,
2024-07-11_02,4,gpr,mean_shift,0.28698471414093885,0.31940659148437045,-0.2869847141409352,0.10790023538509123
2024-07-11_02,4,gpr,full_map,0.2869847141409363,0.3065478192929547,-0.2869847141409352,0.16617613670783182
2024-07-11_03,4,gpr,template,0.6126534860270813,0.6181021717238625,-0.612653486027078,
2024-07-11_03,4,gpr,mean_shift,0.11159339470265091,0.13684443426895693,-0.10963757769018656,0.16302067480274407
2024-07-11_03,4,gpr,full_map,0.11347645856351171,0.12683292486326184,-0.10963757769017946,0.2230416193293252
2024-07-11_04,4,gpr,template,0.2891737107461823,0.2952584701774141,-0.2891737107461765,
2024-07-11_04,4,gpr,mean_shift,0.18915121525346607,0.19832879633742861,-0.18915121525345313,0.11165721787973013
2024-07-11_04,4,gpr,full_map,0.18915121525346318,0.19890380915725075,-0.18915121525345313,0.16971765710681044
2024-07-11_05,4,gpr,template,0.2230197781619127,0.232276074710211,-0.22301977816191254,
2024-07-11_05,4,gpr,mean_shift,0.15701177838445363,0.16954238908534786,-0.15662141700730103,0.14688022803861567
2024-07-11_05,4,gpr,full_map,0.15670536255377426,0.16763857639965052,-0.15662141700728682,0.20800467706440792
2024-07-11_06,4,gpr,template,0.07446054451167024,0.09619571027520199,0.055606064534714505,
2024-07-11_06,4,gpr,mean_shift,0.06510224413268681,0.08185369610977244,0.02320446733969561,0.09893323308052379
2024-07-11_06,4,gpr,full_map,0.057183119977459285,0.0659813829700113,0.023204467339702717,0.15435567810133727
2024-07-11_07,4,gpr,template,0.4780880870066261,0.492304469808486,0.47808808700662553,
2024-07-11_07,4,gpr,mean_shift,0.1684278458629086,0.20533731107078163,0.16842784586290094,0.10481485875621899
2024-07-11_07,4,gpr,full_map,0.18583227222123644,0.205549701523208,0.16842784586291515,0.16239364145357038
2024-07-11_08,4,gpr,template,0.552483592624604,0.5643488487649435,0.5524835926246041,
2024-07-11_08,4,gpr,mean_shift,0.15484035760671572,0.19294309867601742,0.15484035760670878,0.10335528722894302
2024-07-11_08,4,gpr,full_map,0.17757328733444946,0.20271031626814862,0.15484035760671588,0.1606721396284551
2024-07-11_09,4,gpr,template,0.743309435321233,0.7530559788410577,0.7433094353212297,
2024-07-11_09,4,gpr,mean_shift,0.5062001023657918,0.5204065086697429,0.5062001023657885,0.11453080788957729
2024-07-11_09,4,gpr,full_map,0.5062001023657946,0.5136411518322019,0.5062001023657885,0.17350522887118786
2024-07-11_10,4,gpr,template,0.2677566263324694,0.29994288090544974,0.26775662633246355,
2024-07-11_10,4,gpr,mean_shift,0.10574050445529194,0.1417362836441881,0.042626907468765296,0.1297882235910071
2024-07-11_10,4,gpr,full_map,0.08223587893738714,0.1124783708175151,0.042626907468765296,0.19201906618729545
2024-07-19_01,5,ridge,template,0.5935721838087007,0.6313771487480585,-0.5935721838087034,
2024-07-19_01,5,ridge,mean_shift,0.3699599995951716,0.4279948222470189,-0.36995999959517434,
2024-07-19_01,5,ridge,full_map,0.3699599995951696,0.39193230875113283,-0.36995999959517434,
2024-07-19_02,5,ridge,template,0.056995635263612454,0.07401834746778607,0.00267613079804363,
2024-07-19_02,5,ridge,mean_shift,0.055843791300282664,0.08310641098934998,-0.03788299700019593,
2024-07-19_02,5,ridge,full_map,0.04618658771418526,0.06249484875230417,-0.03788299700019593,
2024-07-19_03,5,ridge,template,0.13478454335926224,0.14219013365265548,-0.1347845433592667,
2024-07-19_03,5,ridge,mean_shift,0.08341460270066696,0.09323358895500415,0.08149442391865591,
2024-07-19_03,5,ridge,full_map,0.08354356800644261,0.10585944193403142,0.08149442391866302,
2024-07-19_04,5,ridge,template,0.3683266925957934,0.38904207249543377,0.36832669259579376,
2024-07-19_04,5,ridge,mean_shift,0.2542431709400571,0.2834233082557632,0.25424317094005744,
2024-07-19_04,5,ridge,full_map,0.2545936279786444,0.2755835795250187,0.25424317094005744,
2024-07-19_05,5,ridge,template,0.22134017574186107,0.25398543542055524,0.22134017574185805,
2024-07-19_05,5,ridge,mean_shift,0.11081699193577417,0.16339918975537157,0.1057457668390569,
2024-07-19_05,5,ridge,full_map,0.10634298158386225,0.1505445587675996,0.1057457668390569,
2024-07-19_06,5,ridge,template,0.3505177038317488,0.37877069248767115,0.3505177038317555,
2024-07-19_06,5,ridge,mean_shift,0.19761543155129185,0.24424666952757346,0.19761543155129146,
2024-07-19_06,5,ridge,full_map,0.1976154315512941,0.23044305911678117,0.19761543155129857,
2024-07-19_07,5,ridge,template,0.4522648948429846,0.47810439361053036,0.4522648948429904,
2024-07-19_07,5,ridge,mean_shift,0.13930751597613747,0.16108155761290735,-0.043669120905320824,
2024-07-19_07,5,ridge,full_map,0.08643409448090786,0.10040581802919406,-0.04366912090531372,
2024-07-19_08,5,ridge,template,0.5097008498991642,0.5343036647930653,0.5097008498991684,
2024-07-19_08,5,ridge,mean_shift,0.12436822490295696,0.17885702555410463,0.07940016225860091,
2024-07-19_08,5,ridge,full_map,0.10269008504013372,0.14836447983005327,0.07940016225859381,
2024-07-19_09,5,ridge,template,0.4462109622587152,0.48752742464784327,0.4462109622587178,
2024-07-19_09,5,ridge,mean_shift,0.16165831280838508,0.23511931408756134,0.12923747487897685,
2024-07-19_09,5,ridge,full_map,0.1449654425178244,0.20285252450609884,0.12923747487898396,
2024-07-19_10,5,ridge,template,0.65310197349467,0.6816913299708072,0.653101973494671,
2024-07-19_10,5,ridge,mean_shift,0.15670520112883599,0.1955915982581825,0.009756625157031351,
2024-07-19_10,5,ridge,full_map,0.09309425073455146,0.12357384181494624,0.009756625157045562,
2024-07-19_01,5,pls,template,0.5935721838087007,0.6313771487480585,-0.5935721838087034,
2024-07-19_01,5,pls,mean_shift,0.2254565952402456,0.31143175881641827,-0.225123463525442,
2024-07-19_01,5,pls,full_map,0.23511039179027096,0.25727196125687757,-0.225123463525442,
2024-07-19_02,5,pls,template,0.056995635263612454,0.07401834746778607,0.00267613079804363,
2024-07-19_02,5,pls,mean_shift,0.12065479869921651,0.13078017843209247,0.10785129106745472,
2024-07-19_02,5,pls,full_map,0.11029475300896882,0.11588505916909259,0.10785129106745472,
2024-07-19_03,5,pls,template,0.13478454335926224,0.14219013365265548,-0.1347845433592667,
2024-07-19_03,5,pls,mean_shift,0.07351353248687595,0.08452354842647339,0.07136574289535957,
2024-07-19_03,5,pls,full_map,0.07260157563219034,0.10495723796646698,0.07136574289535957,
2024-07-19_04,5,pls,template,0.3683266925957934,0.38904207249543377,0.36832669259579376,
2024-07-19_04,5,pls,mean_shift,0.152817008454306,0.19759104171472366,0.15281700845430635,
2024-07-19_04,5,pls,full_map,0.15571043300705595,0.18306556124611056,0.15281700845430635,
2024-07-19_05,5,pls,template,0.22134017574186107,0.25398543542055524,0.22134017574185805,
2024-07-19_05,5,pls,mean_shift,0.17265451277853164,0.21290070171590147,0.1726545127785286,
2024-07-19_05,5,pls,full_map,0.17301325418519226,0.2081134622879834,0.17265451277853572,
2024-07-19_06,5,pls,template,0.3505177038317488,0.37877069248767115,0.3505177038317555,
2024-07-19_06,5,pls,mean_shift,0.22836204840295732,0.2697291269753843,0.22836204840295693,
2024-07-19_06,5,pls,full_map,0.22845425680370657,0.2572143372694306,0.22836204840295693,
2024-07-19_07,5,pls,template,0.4522648948429846,0.47810439361053036,0.4522648948429904,
2024-07-19_07,5,pls,mean_shift,0.1416472385159031,0.16261029472831173,-0.0490084877268302,
2024-07-19_07,5,pls,full_map,0.08553350967569484,0.10872365421143251,-0.04900848772682309,
2024-07-19_08,5,pls,template,0.5097008498991642,0.5343036647930653,0.5097008498991684,
2024-07-19_08,5,pls,mean_shift,0.1475261599239305,0.21244252492945667,0.13945026559684948,
2024-07-19_08,5,pls,full_map,0.14190321987080684,0.18965806544488467,0.13945026559685658,
2024-07-19_09,5,pls,template,0.4462109622587152,0.48752742464784327,0.4462109622587178,
2024-07-19_09,5,pls,mean_shift,0.18590807272782084,0.2647183657839425,0.17747407202014642,
2024-07-19_09,5,pls,full_map,0.1824655263405752,0.2230542460521857,0.17747407202013932,
2024-07-19_10,5,pls,template,0.65310197349467,0.6816913299708072,0.653101973494671,
2024-07-19_10,5,pls,mean_shift,0.15110017945746917,0.20210692773774688,0.051829804792760115,
2024-07-19_10,5,pls,full_map,0.08737529864617435,0.12894959228460293,0.05182980479276722,
2024-07-19_01,5,gpr,template,0.5935721838087007,0.6313771487480585,-0.5935721838087034,
2024-07-19_01,5,gpr,mean_shift,0.20116555596975783,0.2939708241895234,-0.20027400955908092,0.24429656249034218
2024-07-19_01,5,gpr,full_map,0.201165555969756,0.2939708241895192,-0.20027400955908092,0.2927966422994169
2024-07-19_02,5,gpr,template,0.056995635263612454,0.07401834746778607,0.00267613079804363,
2024-07-19_02,5,gpr,mean_shift,0.07640254257009879,0.08678342540423314,0.04538511693361613,0.15099747125382204
2024-07-19_02,5,gpr,full_map,0.07601190616637402,0.08629928350910687,0.04538511693363034,0.2100074674016533
2024-07-19_03,5,gpr,template,0.13478454335926224,0.14219013365265548,-0.1347845433592667,
2024-07-19_03,5,gpr,mean_shift,0.07739238318684687,0.08789958340967538,0.07533376257693902,0.11464323306161925
2024-07-19_03,5,gpr,full_map,0.07634615459422937,0.0873829395605984,0.07533376257694613,0.17919644818980324
2024-07-19_04,5,gpr,template,0.3683266925957934,0.38904207249543377,0.36832669259579376,
2024-07-19_04,5,gpr,mean_shift,0.3257893796703325,0.34903853884487646,0.32578937967033283,0.14680182987142362
2024-07-19_04,5,gpr,full_map,0.32578937967033467,0.348501996495631,0.32578937967033994,0.2064576698656106
2024-07-19_05,5,gpr,template,0.22134017574186107,0.25398543542055524,0.22134017574185805,
2024-07-19_05,5,gpr,mean_shift,0.1483139238919792,0.19368569391817997,0.14831392389197617,0.15162937449447816
2024-07-19_05,5,gpr,full_map,0.14831392389198128,0.19379371983095492,0.14831392389197617,0.2105429778851006
2024-07-19_06,5,gpr,template,0.3505177038317488,0.37877069248767115,0.3505177038317555,
2024-07-19_06,5,gpr,mean_shift,0.2752533932240912,0.31043357948115813,0.2752533932240979,0.12133196669410286
2024-07-19_06,5,gpr,full_map,0.27525339322409337,0.31210674217032525,0.275253393224105,0.18440594980835764
2024-07-19_07,5,gpr,template,0.4522648948429846,0.47810439361053036,0.4522648948429904,
2024-07-19_07,5,gpr,mean_shift,0.1527248731334861,0.1712840696300748,-0.07278706222044917,0.14238401059658676
2024-07-19_07,5,gpr,full_map,0.15209613382288953,0.17059514189384895,-0.07278706222044207,0.20274724007381795
2024-07-19_08,5,gpr,template,0.5097008498991642,0.5343036647930653,0.5097008498991684,
2024-07-19_08,5,gpr,mean_shift,0.17450682227362743,0.23690262879948074,0.1744631929913396,0.13031975410937727
2024-07-19_08,5,gpr,full_map,0.17449590117416727,0.23633613333806025,0.17446319299134672,0.1925349860365398
2024-07-19_09,5,gpr,template,0.4462109622587152,0.48752742464784327,0.4462109622587178,
2024-07-19_09,5,gpr,mean_shift,0.21900732548734345,0.2940781214519365,0.21886793865888876,0.21158633616923903
2024-07-19_09,5,gpr,full_map,0.21900671070436398,0.2940681907591798,0.21886793865888166,0.2630892849721627
2024-07-19_10,5,gpr,template,0.65310197349467,0.6816913299708072,0.653101973494671,
2024-07-19_10,5,gpr,mean_shift,0.1510716984789355,0.2031324163550445,0.055694676581374836,0.1292930873313428
2024-07-19_10,5,gpr,full_map,0.14599749402856627,0.1962339978620839,0.055694676581374836,0.1903349300134647
2024-08-01_01,6,ridge,template,0.10331892826274837,0.1537285595674009,-0.08351175453759652,
2024-08-01_01,6,ridge,mean_shift,0.1549590056744321,0.1801192168553707,0.12563707812534375,
2024-08-01_01,6,ridge,full_map,0.13768349366512586,0.17077641545281005,0.12563707812532954,
2024-08-01_02,6,ridge,template,0.5230757994814168,0.5383854724381572,-0.5230757994814184,
2024-08-01_02,6,ridge,mean_shift,0.11557770712836346,0.15873873213501083,-0.09459048657500091,
2024-08-01_02,6,ridge,full_map,0.10082175527302967,0.14101033806901014,-0.09459048657500091,
2024-08-01_03,6,ridge,template,0.39821512532411363,0.4063335652546304,-0.3982151253241142,
2024-08-01_03,6,ridge,mean_shift,0.2437390960862723,0.2567886819480028,-0.24373909608626576,
2024-08-01_03,6,ridge,full_map,0.2437390960862743,0.25976996340912223,-0.24373909608627287,
2024-08-01_04,6,ridge,template,0.22440276577355187,0.22969849335296272,-0.22440276577355434,
2024-08-01_04,6,ridge,mean_shift,0.26665575470228936,0.27112743881364904,-0.26665575470229186,
2024-08-01_04,6,ridge,full_map,0.26665575470229136,0.2746036265524795,-0.26665575470229186,
2024-08-01_05,6,ridge,template,0.028938720829733432,0.039297479297789484,-0.021516248919617453,
2024-08-01_05,6,ridge,mean_shift,0.03172764390033454,0.04125826643034301,-0.02491789792996002,
2024-08-01_05,6,ridge,full_map,0.029499030728082846,0.03801979037921839,-0.02491789792996002,
2024-08-01_06,6,ridge,template,0.44031633535004394,0.446812935699143,0.44031633535004744,
2024-08-01_06,6,ridge,mean_shift,0.06275579667785904,0.07758927559165182,-0.016024086708547713,
2024-08-01_06,6,ridge,full_map,0.03211827443733053,0.05194754334453966,-0.01602408670855482,
2024-08-01_07,6,ridge,template,0.7287410544511673,1.832566448142483,0.728741054451163,
2024-08-01_07,6,ridge,mean_shift,0.2496132024263018,1.6918973534628248,0.18783075424315143,
2024-08-01_07,6,ridge,full_map,0.19864356020973709,1.6824141810343203,0.18783075424315143,
2024-08-01_08,6,ridge,template,0.37823431287813386,0.3938654716691219,0.3782343128781278,
2024-08-01_08,6,ridge,mean_shift,0.10759737523902546,0.12380550879352743,-0.05708756145500615,
2024-08-01_08,6,ridge,full_map,0.07049701820868784,0.07781510560495727,-0.05708756145499905,
2024-08-01_09,6,ridge,template,0.4708815038893696,0.4925313640733529,0.4708815038893732,
2024-08-01_09,6,ridge,mean_shift,0.138449059889044,0.18577381450600555,0.1168510002750125,
2024-08-01_09,6,ridge,full_map,0.11809633817221965,0.15008591857916415,0.11685100027499828,
2024-08-01_10,6,ridge,template,0.5025388072601558,0.5164641783653456,0.5025388072601515,
2024-08-01_10,6,ridge,mean_shift,0.12761517583494572,0.1729911175680832,0.1254429433061972,
2024-08-01_10,6,ridge,full_map,0.1254429433062,0.1397601298467898,0.1254429433061972,
2024-08-01_01,6,pls,template,0.10331892826274837,0.1537285595674009,-0.08351175453759652,
2024-08-01_01,6,pls,mean_shift,0.11638948916118073,0.14950949758016688,0.0754641172078081,
2024-08-01_01,6,pls,full_map,0.08771731618721694,0.14536265478315194,0.075464117207801,
2024-08-01_02,6,pls,template,0.5230757994814168,0.5383854724381572,-0.5230757994814184,
2024-08-01_02,6,pls,mean_shift,0.10055909473085614,0.1311004398975876,-0.03060556178224516,
2024-08-01_02,6,pls,full_map,0.06210140601687705,0.08427727790690315,-0.030605561782252266,
2024-08-01_03,6,pls,template,0.39821512532411363,0.4063335652546304,-0.3982151253241142,
2024-08-01_03,6,pls,mean_shift,0.417976986265827,0.4257187349218998,-0.41797698626582047,
2024-08-01_03,6,pls,full_map,0.4179769862658289,0.42498985421511715,-0.4179769862658276,
2024-08-01_04,6,pls,template,0.22440276577355187,0.22969849335296272,-0.22440276577355434,
2024-08-01_04,6,pls,mean_shift,0.298764965841632,0.30276278069827706,-0.2987649658416345,
2024-08-01_04,6,pls,full_map,0.2987649658416337,0.30856231349049823,-0.2987649658416345,
2024-08-01_05,6,pls,template,0.028938720829733432,0.039297479297789484,-0.021516248919617453,
2024-08-01_05,6,pls,mean_shift,0.06975955375982132,0.07531147395955398,-0.06775304567597829,
2024-08-01_05,6,pls,full_map,0.06816399683094249,0.0750818873532545,-0.06775304567597829,
2024-08-01_06,6,pls,template,0.44031633535004394,0.446812935699143,0.44031633535004744,
2024-08-01_06,6,pls,mean_shift,0.14896966952769938,0.15922135826119738,-0.13995755283136901,
2024-08-01_06,6,pls,full_map,0.14191716116154668,0.14769686990706452,-0.13995755283136901,
2024-08-01_07,6,pls,template,0.7287410544511673,1.832566448142483,0.728741054451163,
2024-08-01_07,6,pls,mean_shift,0.2637130742263576,1.6874359979228373,0.1421407213675394,
2024-08-01_07,6,pls,full_map,0.2226124578828821,1.682395819056581,0.1421407213675323,
2024-08-01_08,6,pls,template,0.37823431287813386,0.3938654716691219,0.3782343128781278,
2024-08-01_08,6,pls,mean_shift,0.09680612263166419,0.11455157093155462,-0.03245378357204487,
2024-08-01_08,6,pls,full_map,0.06350648900750687,0.07485749100838282,-0.032453783572051975,
2024-08-01_09,6,pls,template,0.4708815038893696,0.4925313640733529,0.4708815038893732,
2024-08-01_09,6,pls,mean_shift,0.11962728260552356,0.16087134390600213,0.0708649095059144,
2024-08-01_09,6,pls,full_map,0.09672364839122936,0.12175255809510234,0.07086490950590729,
2024-08-01_10,6,pls,template,0.5025388072601558,0.5164641783653456,0.5025388072601515,
2024-08-01_10,6,pls,mean_shift,0.09471321996669486,0.12955295506830422,0.050931065518000196,
2024-08-01_10,6,pls,full_map,0.05759941581699343,0.07237882533813343,0.05093106551799309,
2024-08-01_01,6,gpr,template,0.10331892826274837,0.1537285595674009,-0.08351175453759652,
2024-08-01_01,6,gpr,mean_shift,0.09339898755697339,0.13596417489065202,0.042755116336827825,0.16046447589157967
2024-08-01_01,6,gpr,full_map,0.07603398354481743,0.11617744140278874,0.042755116336827825,0.20785391107466925
2024-08-01_02,6,gpr,template,0.5230757994814168,0.5383854724381572,-0.5230757994814184,
2024-08-01_02,6,gpr,mean_shift,0.10978841633026963,0.1512923385775988,-0.08147850503626586,0.12731832923897457
2024-08-01_02,6,gpr,full_map,0.0912623516108168,0.12271841788833783,-0.08147850503626586,0.16490185834445428
2024-08-01_03,6,gpr,template,0.39821512532411363,0.4063335652546304,-0.3982151253241142,
2024-08-01_03,6,gpr,mean_shift,0.5287935149575625,0.5349338853323964,-0.5287935149575631,0.1213599692349956
2024-08-01_03,6,gpr,full_map,0.5287935149575647,0.5718950472075145,-0.5287935149575631,0.15749354080657985
2024-08-01_04,6,gpr,template,0.22440276577355187,0.22969849335296272,-0.22440276577355434,
2024-08-01_04,6,gpr,mean_shift,0.3474050623770257,0.3508490757106061,-0.3474050623770282,0.11320923649550538
2024-08-01_04,6,gpr,full_map,0.34740506237702784,0.3528599622235164,-0.34740506237702107,0.14321844219507548
2024-08-01_05,6,gpr,template,0.028938720829733432,0.039297479297789484,-0.021516248919617453,
2024-08-01_05,6,gpr,mean_shift,0.03067104341498877,0.04144442142712004,0.025224931235584336,0.12321972349335161
2024-08-01_05,6,gpr,full_map,0.0619359333846326,0.18322862992965805,0.02522493123557723,0.1591840799468667
2024-08-01_06,6,gpr,template,0.44031633535004394,0.446812935699143,0.44031633535004744,
2024-08-01_06,6,gpr,mean_shift,0.11244407634574204,0.12236315713687347,-0.0959657120669064,0.1297987006547011
2024-08-01_06,6,gpr,full_map,0.10370258865442722,0.21101780225422112,-0.0959657120669064,0.17199898657856064
2024-08-01_07,6,gpr,template,0.7287410544511673,1.832566448142483,0.728741054451163,
2024-08-01_07,6,gpr,mean_shift,0.24738673135810085,1.6944229355795293,0.20936289595577762,0.1363498118084337
2024-08-01_07,6,gpr,full_map,0.21895659527864023,1.6890332458740613,0.20936289595577762,0.1784704639701909
2024-08-01_08,6,gpr,template,0.37823431287813386,0.3938654716691219,0.3782343128781278,
2024-08-01_08,6,gpr,mean_shift,0.08477146038296492,0.11315931697139363,0.027133313153505867,0.12309732398150239
2024-08-01_08,6,gpr,full_map,0.03892263618717135,0.05301208022556422,0.027133313153505867,0.15984885779908345
2024-08-01_09,6,gpr,template,0.4708815038893696,0.4925313640733529,0.4708815038893732,
2024-08-01_09,6,gpr,mean_shift,0.12601115082365094,0.17110116430978062,0.09174886668139237,0.11964314928218636
2024-08-01_09,6,gpr,full_map,0.09251777342665156,0.11693275649911025,0.09174886668139237,0.15430805931628344
2024-08-01_10,6,gpr,template,0.5025388072601558,0.5164641783653456,0.5025388072601515,
2024-08-01_10,6,gpr,mean_shift,0.09591544643064326,0.1338380554348801,0.06101336206486252,0.13608894354145554
2024-08-01_10,6,gpr,full_map,0.06658328642139255,0.09661516923082984,0.061013362064869625,0.1789426109158554
2024-08-05_01,7,ridge,template,0.14289277884351828,0.1878689586240504,-0.14289277884351748,
2024-08-05_01,7,ridge,mean_shift,0.40985745504277865,0.4259702138363454,0.4081350557192067,
2024-08-05_01,7,ridge,full_map,0.40813505571920616,0.4182690827120989,0.4081350557192067,
2024-08-05_02,7,ridge,template,0.42301187996711376,0.43727591999192406,-0.4230118799671132,
2024-08-05_02,7,ridge,mean_shift,0.13980432628564834,0.15179690635682966,0.1037840121022171,
2024-08-05_02,7,ridge,full_map,0.11430605183509789,0.125147924276267,0.10378401210221,
2024-08-05_03,7,ridge,template,0.029418128254315473,0.04327766158968092,-0.0007703069334112911,
2024-08-05_03,7,ridge,mean_shift,0.18866944810593533,0.19356787767730863,-0.18866944810594077,
2024-08-05_03,7,ridge,full_map,0.18866944810593456,0.221160650969116,-0.18866944810594077,
2024-08-05_04,7,ridge,template,0.07269168265278157,0.08094968978683213,-0.06610064401206017,
2024-08-05_04,7,ridge,mean_shift,0.12034597842934562,0.12787200060884119,-0.11902811181368378,
2024-08-05_04,7,ridge,full_map,0.12047527698996514,0.13080064190984658,-0.11902811181369088,
2024-08-05_05,7,ridge,template,0.14261620992052668,0.16694447877511004,0.1426162099205257,
2024-08-05_05,7,ridge,mean_shift,0.12163718347329062,0.14942114999126596,0.12163718347328967,
2024-08-05_05,7,ridge,full_map,0.12642054566071964,0.1384557906391836,0.12163718347328967,
2024-08-05_06,7,ridge,template,0.3215858728418751,0.3381634686283131,0.32158587284187234,
2024-08-05_06,7,ridge,mean_shift,0.226045126695584,0.249065166585141,0.2260451266955812,
2024-08-05_06,7,ridge,full_map,0.23432270923313406,0.2425053610152364,0.2260451266955812,
2024-08-05_01,7,pls,template,0.14289277884351828,0.1878689586240504,-0.14289277884351748,
2024-08-05_01,7,pls,mean_shift,0.20820470374262173,0.21997568382214233,0.18306529464690158,
2024-08-05_01,7,pls,full_map,0.19163279048364654,0.21320318544307085,0.18306529464689447,
2024-08-05_02,7,pls,template,0.42301187996711376,0.43727591999192406,-0.4230118799671132,
2024-08-05_02,7,pls,mean_shift,0.13651371467015194,0.14809824670499327,0.098295020553536,
2024-08-05_02,7,pls,full_map,0.10879737530673084,0.11735478959494945,0.09829502055354311,
2024-08-05_03,7,pls,template,0.029418128254315473,0.04327766158968092,-0.0007703069334112911,
2024-08-05_03,7,pls,mean_shift,0.20901942760468895,0.21345136152316083,-0.20901942760469439,
2024-08-05_03,7,pls,full_map,0.209019427604688,0.22869031853439845,-0.20901942760469439,
2024-08-05_04,7,pls,template,0.07269168265278157,0.08094968978683213,-0.06610064401206017,
2024-08-05_04,7,pls,mean_shift,0.06230497393785943,0.07120918372873405,-0.05373258517451518,
2024-08-05_04,7,pls,full_map,0.055572718252980796,0.07311112465050441,-0.053732585174522285,
2024-08-05_05,7,pls,template,0.14261620992052668,0.16694447877511004,0.1426162099205257,
2024-08-05_05,7,pls,mean_shift,0.06393662994572544,0.09706318468133664,0.04347627121875064,
2024-08-05_05,7,pls,full_map,0.0545778662667292,0.07141017373835157,0.04347627121873643,
2024-08-05_06,7,pls,template,0.3215858728418751,0.3381634686283131,0.32158587284187234,
2024-08-05_06,7,pls,mean_shift,0.1503446444707023,0.18314084750345375,0.1503446444706924,
2024-08-05_06,7,pls,full_map,0.1573091383502495,0.16040824612373195,0.1503446444706995,
2024-08-05_01,7,gpr,template,0.14289277884351828,0.1878689586240504,-0.14289277884351748,
2024-08-05_01,7,gpr,mean_shift,0.13561152122530498,0.14987469681686305,0.08709779203334733,0.1519929652823416
2024-08-05_01,7,gpr,full_map,0.13382804940091877,0.14725658412843465,0.08709779203334733,0.21324227643181887
2024-08-05_02,7,gpr,template,0.42301187996711376,0.43727591999192406,-0.4230118799671132,
2024-08-05_02,7,gpr,mean_shift,0.1479479506450038,0.16093413152954106,0.11674165957230542,0.12138117226995776
2024-08-05_02,7,gpr,full_map,0.13278780046122945,0.1482230641189031,0.11674165957231253,0.18326768316166275
2024-08-05_03,7,gpr,template,0.029418128254315473,0.04327766158968092,-0.0007703069334112911,
2024-08-05_03,7,gpr,mean_shift,0.283140984186632,0.2864283148469681,-0.2831409841866446,0.12348374505754364
2024-08-05_03,7,gpr,full_map,0.28314098418663125,0.3618780047830027,-0.28314098418663747,0.18624574639101507
2024-08-05_04,7,gpr,template,0.07269168265278157,0.08094968978683213,-0.06610064401206017,
2024-08-05_04,7,gpr,mean_shift,0.06564535454110709,0.07427886247885807,-0.057739001319539796,0.12183827506604414
2024-08-05_04,7,gpr,full_map,0.05990115278385173,0.06967149902972511,-0.057739001319539796,0.1833599990960241
2024-08-05_05,7,gpr,template,0.14261620992052668,0.16694447877511004,0.1426162099205257,
2024-08-05_05,7,gpr,mean_shift,0.09485832822912571,0.10414071312178443,-0.05756919721618914,0.11714816920036018
2024-08-05_05,7,gpr,full_map,0.06638285446345189,0.07271319145009343,-0.05756919721618914,0.177547450100944
2024-08-05_06,7,gpr,template,0.3215858728418751,0.3381634686283131,0.32158587284187234,
2024-08-05_06,7,gpr,mean_shift,0.18769684452452676,0.21486545405840787,0.18769684452452395,0.14989835032444726
2024-08-05_06,7,gpr,full_map,0.1876968445245277,0.20765790003667156,0.18769684452452395,0.2108524616390169
2024-08-07_01,8,ridge,template,0.07985766349755048,0.13806630646793686,-0.044727384039184415,
2024-08-07_01,8,ridge,mean_shift,0.15709167234943291,0.1692418142683126,0.10761517364256434,
2024-08-07_01,8,ridge,full_map,0.14003048961406744,0.16349620441870555,0.10761517364256434,
2024-08-07_02,8,ridge,template,0.19811839527513572,0.21627140084183513,-0.19811839527513797,
2024-08-07_02,8,ridge,mean_shift,0.10368192885408466,0.13517530339007297,-0.10368192885408689,
2024-08-07_02,8,ridge,full_map,0.10368192885408745,0.15523302949895681,-0.10368192885408689,
2024-08-07_03,8,ridge,template,0.02990347162201194,0.04901391794139936,-0.018606035724573644,
2024-08-07_03,8,ridge,mean_shift,0.03876258158102746,0.05686673702886228,-0.034316849997161114,
2024-08-07_03,8,ridge,full_map,0.04506993237382797,0.11723663185314492,-0.03431684999715401,
2024-08-07_04,8,ridge,template,0.12539142898300087,0.13246264949932432,-0.1253914289830007,
2024-08-07_04,8,ridge,mean_shift,0.02421609540380579,0.04320339601512162,-0.006571938622471407,
2024-08-07_04,8,ridge,full_map,0.02030211498729329,0.03164545073057189,-0.006571938622464302,
2024-08-07_05,8,ridge,template,0.06644320080668611,0.10342901771739653,0.059070368769809534,
2024-08-07_05,8,ridge,mean_shift,0.09050920436485695,0.10518741992391092,-0.06209782661949248,
2024-08-07_05,8,ridge,full_map,0.08503987618176052,0.10293196639010126,-0.062097826619485375,
2024-08-07_06,8,ridge,template,0.19774677326419018,0.2124517396358397,0.19774677326419265,
2024-08-07_06,8,ridge,mean_shift,0.09227052886736144,0.1192359679613081,0.09047243070557442,
2024-08-07_06,8,ridge,full_map,0.09515799762461741,0.10407105686840579,0.09047243070557442,
2024-08-07_07,8,ridge,template,0.3000647507922801,0.3130544642994681,0.3000647507922807,
2024-08-07_07,8,ridge,mean_shift,0.08277098617271438,0.09676957898519364,-0.037418023293298575,
2024-08-07_07,8,ridge,full_map,0.052221894367846425,0.099129029126667,-0.037418023293298575,
2024-08-07_08,8,ridge,template,0.1576843704984151,0.20252365942039657,0.008556885623733024,
2024-08-07_08,8,ridge,mean_shift,0.41673036646117007,0.43886865967568867,0.3894394537178769,
2024-08-07_08,8,ridge,full_map,0.40423801318501024,0.42286451847418194,0.3894394537178769,
2024-08-07_09,8,ridge,template,0.25979180351483877,0.27844405799836075,0.23000520023048665,
2024-08-07_09,8,ridge,mean_shift,0.5230867976347388,0.5446171863188995,0.5215162301715921,
2024-08-07_09,8,ridge,full_map,0.5215162301715853,0.533626638482637,0.5215162301715921,
2024-08-07_10,8,ridge,template,0.48369059348890936,0.4929630963259149,0.48369059348890175,
2024-08-07_10,8,ridge,mean_shift,0.7580685593940051,0.7640183013850402,0.7580685593939975,
2024-08-07_10,8,ridge,full_map,0.7580685593940029,0.768437439853373,0.7580685593939975,
2024-08-07_01,8,pls,template,0.07985766349755048,0.13806630646793686,-0.044727384039184415,
2024-08-07_01,8,pls,mean_shift,0.1509227965611468,0.16366619000360108,0.09861468273834362,
2024-08-07_01,8,pls,full_map,0.11394515928623565,0.1272734868239016,0.09861468273834362,
2024-08-07_02,8,pls,template,0.19811839527513572,0.21627140084183513,-0.19811839527513797,
2024-08-07_02,8,pls,mean_shift,0.13124903078166514,0.1573172856262823,-0.1312490307816674,
2024-08-07_02,8,pls,full_map,0.13124903078166764,0.15897538969636713,-0.1312490307816674,
2024-08-07_03,8,pls,template,0.02990347162201194,0.04901391794139936,-0.018606035724573644,
2024-08-07_03,8,pls,mean_shift,0.0467233111283208,0.06319410744175913,-0.04401494778797144,
2024-08-07_03,8,pls,full_map,0.045331810360324146,0.06495794698823681,-0.04401494778797854,
2024-08-07_04,8,pls,template,0.12539142898300087,0.13246264949932432,-0.1253914289830007,
2024-08-07_04,8,pls,mean_shift,0.028247091251286334,0.04465540397015061,0.01306759556136683,
2024-08-07_04,8,pls,full_map,0.030908916813493018,0.04705880920376085,0.01306759556136683,
2024-08-07_05,8,pls,template,0.06644320080668611,0.10342901771739653,0.059070368769809534,
2024-08-07_05,8,pls,mean_shift,0.09082274456303276,0.10547717549035149,-0.06258738938506525,
2024-08-07_05,8,pls,full_map,0.0858426332946416,0.10919793983319126,-0.06258738938506525,
2024-08-07_06,8,pls,template,0.19774677326419018,0.2124517396358397,0.19774677326419265,
2024-08-07_06,8,pls,mean_shift,0.12445933801146536,0.1458074572093947,0.12340121247368074,
2024-08-07_06,8,pls,full_map,0.13453994189078225,0.1461813960484496,0.12340121247368074,
2024-08-07_07,8,pls,template,0.3000647507922801,0.3130544642994681,0.3000647507922807,
2024-08-07_07,8,pls,mean_shift,0.0733775848516087,0.09000866156862977,-0.011718199843926413,
2024-08-07_07,8,pls,full_map,0.03576697502028728,0.06802554530021258,-0.011718199843926413,
2024-08-07_08,8,pls,template,0.1576843704984151,0.20252365942039657,0.008556885623733024,
2024-08-07_08,8,pls,mean_shift,0.4416822854845974,0.4646512207330501,0.41827998349820206,
2024-08-07_08,8,pls,full_map,0.4306308823072704,0.44945894276335474,0.41827998349820206,
2024-08-07_09,8,pls,template,0.25979180351483877,0.27844405799836075,0.23000520023048665,
2024-08-07_09,8,pls,mean_shift,0.6162398080559545,0.6359089575830565,0.6162398080559655,
2024-08-07_09,8,pls,full_map,0.6162398080559519,0.6279647957896115,0.6162398080559583,
2024-08-07_10,8,pls,template,0.48369059348890936,0.4929630963259149,0.48369059348890175,
2024-08-07_10,8,pls,mean_shift,0.8455917270794948,0.8509297227238348,0.8455917270794941,
2024-08-07_10,8,pls,full_map,0.845591727079492,0.8562873559637002,0.845591727079487,
2024-08-07_01,8,gpr,template,0.07985766349755048,0.13806630646793686,-0.044727384039184415,
2024-08-07_01,8,gpr,mean_shift,0.18380006869385968,0.19546843699371158,0.14541713709894566,0.14893081644120285
2024-08-07_01,8,gpr,full_map,0.16460148491413062,0.18464662813073865,0.14541713709894566,0.21086865085208226
2024-08-07_02,8,gpr,template,0.19811839527513572,0.21627140084183513,-0.19811839527513797,
2024-08-07_02,8,gpr,mean_shift,0.16372159200459666,0.18527595624962892,-0.1637215920045989,0.1281193545339359
2024-08-07_02,8,gpr,full_map,0.16372159200459915,0.1876775692454895,-0.1637215920045989,0.18318385050314281
2024-08-07_03,8,gpr,template,0.02990347162201194,0.04901391794139936,-0.018606035724573644,
2024-08-07_03,8,gpr,mean_shift,0.0718680880612934,0.0845351711551143,-0.07134434508524379,0.11160095842767462
2024-08-07_03,8,gpr,full_map,0.07772175830761932,0.14934487087732462,-0.07134434508524379,0.16532647926685035
2024-08-07_04,8,gpr,template,0.12539142898300087,0.13246264949932432,-0.1253914289830007,
2024-08-07_04,8,gpr,mean_shift,0.05208646648907074,0.061574072548585365,0.044362409315056084,0.11132804641580425
2024-08-07_04,8,gpr,full_map,0.04928659277596956,0.05562271956558349,0.044362409315056084,0.16381322417861002
2024-08-07_05,8,gpr,template,0.06644320080668611,0.10342901771739653,0.059070368769809534,
2024-08-07_05,8,gpr,mean_shift,0.1033931866941176,0.11777170561939236,-0.08162059424628154,0.10076894339781946
2024-08-07_05,8,gpr,full_map,0.10381472509391555,0.1359738413854293,-0.08162059424628865,0.1449363068908659
2024-08-07_06,8,gpr,template,0.19774677326419018,0.2124517396358397,0.19774677326419265,
2024-08-07_06,8,gpr,mean_shift,0.1275876181992506,0.14852565983656063,0.1266014071485415,0.11112550534274336
2024-08-07_06,8,gpr,full_map,0.13200973316646117,0.14469589856857154,0.1266014071485415,0.16047484654752042
2024-08-07_07,8,gpr,template,0.3000647507922801,0.3130544642994681,0.3000647507922807,
2024-08-07_07,8,gpr,mean_shift,0.07090523100150647,0.10191682188106654,0.04922190195983944,0.10503967858032691
2024-08-07_07,8,gpr,full_map,0.10032551274139447,0.2543365524959898,0.04922190195983234,0.15179462113313258
2024-08-07_08,8,gpr,template,0.1576843704984151,0.20252365942039657,0.008556885623733024,
2024-08-07_08,8,gpr,mean_shift,0.44708686828976557,0.4702825207478162,0.42452683894833143,0.15061882437818963
2024-08-07_08,8,gpr,full_map,0.44876070026825393,0.4697236022031486,0.42452683894833143,0.21203177748183497
2024-08-07_09,8,gpr,template,0.25979180351483877,0.27844405799836075,0.23000520023048665,
2024-08-07_09,8,gpr,mean_shift,0.8016783455185704,0.8168946510872273,0.8016783455185745,0.13684083252455576
2024-08-07_09,8,gpr,full_map,0.8016783455185679,0.8091091961707878,0.8016783455185745,0.19623448273000202
2024-08-07_10,8,gpr,template,0.48369059348890936,0.4929630963259149,0.48369059348890175,
2024-08-07_10,8,gpr,mean_shift,1.0180482395117143,1.0224863041050871,1.0180482395117068,0.10280856560923946
2024-08-07_10,8,gpr,full_map,1.0180482395117116,1.0342562538884505,1.0180482395117068,0.1480470507238144
2024-08-21_01,9,ridge,template,0.6097568055753089,0.6538106555094437,-0.6097568055753158,
2024-08-21_01,9,ridge,mean_shift,0.17006570006403204,0.2467979456822087,-0.07241695023041927,
2024-08-21_01,9,ridge,full_map,0.08825808064966391,0.130886061096185,-0.07241695023042638,
2024-08-21_02,9,ridge,template,0.6968523111932866,0.7261717495782108,-0.6968523111932896,
2024-08-21_02,9,ridge,mean_shift,0.16623073447878384,0.2044296335516787,-0.008319182893714583,
2024-08-21_02,9,ridge,full_map,0.10767127885946354,0.14019834239681145,-0.008319182893707477,
2024-08-21_03,9,ridge,template,0.5204837718674439,0.5397124357328741,-0.5204837718674469,
2024-08-21_03,9,ridge,mean_shift,0.1230804378374443,0.1795031170305743,-0.10878976292070064,
2024-08-21_03,9,ridge,full_map,0.11189644218874797,0.16247254725791221,-0.10878976292069353,
2024-08-21_04,9,ridge,template,0.30426129995733125,0.31800435758695306,-0.3042612999573322,
2024-08-21_04,9,ridge,mean_shift,0.08226699700097512,0.12027601350732686,-0.07690569961093985,
2024-08-21_04,9,ridge,full_map,0.08508307706305078,0.1252466440541529,-0.07690569961093985,
2024-08-21_05,9,ridge,template,0.10127703029441025,0.11496792770680099,-0.10127703029441193,
2024-08-21_05,9,ridge,mean_shift,0.05244467736191798,0.06192726195699528,0.02957022552415367,
2024-08-21_05,9,ridge,full_map,0.07698624163635674,0.08904518058301672,0.02957022552415367,
2024-08-21_06,9,ridge,template,0.3310049921775001,0.3337093129235436,0.33100499217749757,
2024-08-21_06,9,ridge,mean_shift,0.12200830264023466,0.12767580680715485,0.12043052336672133,
2024-08-21_06,9,ridge,full_map,0.1389734302564375,0.15279483377999398,0.12043052336672844,
2024-08-21_07,9,ridge,template,0.16960469350021387,0.18164303545400576,0.16812746408760404,
2024-08-21_07,9,ridge,mean_shift,0.1335731393019913,0.14749618575600223,0.13049052327335176,
2024-08-21_07,9,ridge,full_map,0.1382778076533187,0.1513782550417826,0.13049052327335886,
2024-08-21_08,9,ridge,template,0.25185218318873587,0.2596837663119583,0.25185218318873126,
2024-08-21_08,9,ridge,mean_shift,0.11221551140965826,0.12130511421553457,-0.10348330505841119,
2024-08-21_08,9,ridge,full_map,0.10349310552093623,0.12421277849178003,-0.10348330505841119,
2024-08-21_10,9,ridge,template,0.3384499359977248,0.34817353953212016,0.33844993599771556,
2024-08-21_10,9,ridge,mean_shift,0.1465834810020166,0.15936695882875287,-0.13682606883509152,
2024-08-21_10,9,ridge,full_map,0.1426241516260882,0.17383050520864288,-0.13682606883509152,
2024-08-21_01,9,pls,template,0.6097568055753089,0.6538106555094437,-0.6097568055753158,
2024-08-21_01,9,pls,mean_shift,0.18914895289122313,0.23645079003621552,0.015619372473537396,
2024-08-21_01,9,pls,full_map,0.061107082110579726,0.09859841686164714,0.015619372473537396,
2024-08-21_02,9,pls,template,0.6968523111932866,0.7261717495782108,-0.6968523111932896,
2024-08-21_02,9,pls,mean_shift,0.19325986198722114,0.21468152370179422,0.06607488440300102,
2024-08-21_02,9,pls,full_map,0.12931091237004777,0.14523085413633424,0.06607488440300102,
2024-08-21_03,9,pls,template,0.5204837718674439,0.5397124357328741,-0.5204837718674469,
2024-08-21_03,9,pls,mean_shift,0.11608271920336972,0.14299590239912974,-0.007853126485095174,
2024-08-21_03,9,pls,full_map,0.09789733810746334,0.12205326849777237,-0.007853126485095174,
2024-08-21_04,9,pls,template,0.30426129995733125,0.31800435758695306,-0.3042612999573322,
2024-08-21_04,9,pls,mean_shift,0.07291294665124733,0.10610087729309316,-0.05201503022971821,
2024-08-21_04,9,pls,full_map,0.09050427809904202,0.12922262710127605,-0.0520150302297111,
2024-08-21_05,9,pls,template,0.10127703029441025,0.11496792770680099,-0.10127703029441193,
2024-08-21_05,9,pls,mean_shift,0.11814709034189096,0.13007429604728318,-0.11814709034188553,
2024-08-21_05,9,pls,full_map,0.11912568242797489,0.1686955367860519,-0.11814709034188553,
2024-08-21_06,9,pls,template,0.3310049921775001,0.3337093129235436,0.33100499217749757,
2024-08-21_06,9,pls,mean_shift,0.07087964357856531,0.08024225639346731,0.06812649283236993,
2024-08-21_06,9,pls,full_map,0.0962400158416793,0.11304144773921691,0.06812649283236993,
2024-08-21_07,9,pls,template,0.16960469350021387,0.18164303545400576,0.16812746408760404,
2024-08-21_07,9,pls,mean_shift,0.07742100989941045,0.0987583685921319,0.07089335101802163,
2024-08-21_07,9,pls,full_map,0.11056772417627578,0.13263590463610084,0.07089335101802163,
2024-08-21_08,9,pls,template,0.25185218318873587,0.2596837663119583,0.25185218318873126,
2024-08-21_08,9,pls,mean_shift,0.07130481093594063,0.07997261873820079,-0.04888234281224868,
2024-08-21_08,9,pls,full_map,0.04960099683411971,0.09066244752725221,-0.04888234281224868,
2024-08-21_10,9,pls,template,0.3384499359977248,0.34817353953212016,0.33844993599771556,
2024-08-21_10,9,pls,mean_shift,0.0651855922879704,0.08564611075526586,-0.02566713529092368,
2024-08-21_10,9,pls,full_map,0.051843431553114425,0.09967824616268459,-0.02566713529092368,
2024-08-21_01,9,gpr,template,0.6097568055753089,0.6538106555094437,-0.6097568055753158,
2024-08-21_01,9,gpr,mean_shift,0.2008739130443478,0.24063444178368742,0.04732782754641107,0.1409043054821642
2024-08-21_01,9,gpr,full_map,0.13505434967034985,0.16084283046496226,0.04732782754641107,0.19973622010928685
2024-08-21_02,9,gpr,template,0.6968523111932866,0.7261717495782108,-0.6968523111932896,
2024-08-21_02,9,gpr,mean_shift,0.18891600868062805,0.2118031432797022,0.05602057865737464,0.13057152888987772
2024-08-21_02,9,gpr,full_map,0.12838402924864856,0.15380717750525918,0.05602057865738175,0.1877607282926967
2024-08-21_03,9,gpr,template,0.5204837718674439,0.5397124357328741,-0.5204837718674469,
2024-08-21_03,9,gpr,mean_shift,0.12465077372239204,0.14517692050317418,0.0262713101963854,0.1161251503354668
2024-08-21_03,9,gpr,full_map,0.06868766698634017,0.12333870232335455,0.0262713101963854,0.16657618268294766
2024-08-21_04,9,gpr,template,0.30426129995733125,0.31800435758695306,-0.3042612999573322,
2024-08-21_04,9,gpr,mean_shift,0.0749028113364644,0.09271581152261821,0.0066625005615108535,0.12693016521315795
2024-08-21_04,9,gpr,full_map,0.05474845466250488,0.07022024786192546,0.006662500561503748,0.18283560113048078
2024-08-21_05,9,gpr,template,0.10127703029441025,0.11496792770680099,-0.10127703029441193,
2024-08-21_05,9,gpr,mean_shift,0.12489031271436889,0.13622840286017515,-0.12489031271436346,0.11004919643676138
2024-08-21_05,9,gpr,full_map,0.12584939783680865,0.1412075813557584,-0.12489031271436346,0.15473348720958324
2024-08-21_06,9,gpr,template,0.3310049921775001,0.3337093129235436,0.33100499217749757,
2024-08-21_06,9,gpr,mean_shift,0.13589829143736826,0.1411576509484888,0.13463982225113824,0.12613593678581725
2024-08-21_06,9,gpr,full_map,0.14784808835884186,0.1587728893495578,0.13463982225114535,0.18174320998299975
2024-08-21_07,9,gpr,template,0.16960469350021387,0.18164303545400576,0.16812746408760404,
2024-08-21_07,9,gpr,mean_shift,0.08537319411566445,0.10504735504463365,0.07942039192461436,0.11529226455884653
2024-08-21_07,9,gpr,full_map,0.09170023609977467,0.11717109788020122,0.07942039192461436,0.16629626165221206
2024-08-21_08,9,gpr,template,0.25185218318873587,0.2596837663119583,0.25185218318873126,
2024-08-21_08,9,gpr,mean_shift,0.0757438822520236,0.08423249755877538,-0.05557856903481451,0.1152029900288469
2024-08-21_08,9,gpr,full_map,0.06597646327728927,0.09560777110996219,-0.05557856903481451,0.16372699685639827
2024-08-21_10,9,gpr,template,0.3384499359977248,0.34817353953212016,0.33844993599771556,
2024-08-21_10,9,gpr,mean_shift,0.1020711776992119,0.11750698409528017,-0.08444783512742049,0.12520011010721777
2024-08-21_10,9,gpr,full_map,0.09240234107365106,0.1655812030187216,-0.08444783512742049,0.1807335933212834
2024-08-22_01,10,ridge,template,0.6603481407169597,0.6874112756841013,-0.6603481407169554,
2024-08-22_01,10,ridge,mean_shift,0.137052766120334,0.2229294602285599,-0.11499108334344754,
2024-08-22_01,10,ridge,full_map,0.1149910833434497,0.14657321367561763,-0.11499108334344754,
2024-08-22_02,10,ridge,template,0.33524476993044294,0.3611797435178023,-0.3352447699304406,
2024-08-22_02,10,ridge,mean_shift,0.10453927715272335,0.15452668912558762,-0.07626759659414262,
2024-08-22_02,10,ridge,full_map,0.0913751260960697,0.14885399444827932,-0.07626759659414972,
2024-08-22_03,10,ridge,template,0.4801357811663978,0.4907598569454464,-0.4801357811663962,
2024-08-22_03,10,ridge,mean_shift,0.12927711148016546,0.16440024448127544,-0.12927711148016385,
2024-08-22_03,10,ridge,full_map,0.12927711148016985,0.14717464908255015,-0.12927711148016385,
2024-08-22_04,10,ridge,template,0.2650672418405558,0.27663685468394544,-0.252053758694494,
2024-08-22_04,10,ridge,mean_shift,0.1681655204936814,0.19021500906506414,-0.1522658779116881,
2024-08-22_04,10,ridge,full_map,0.1676798167407613,0.18969124890877673,-0.1522658779116952,
2024-08-22_01,10,pls,template,0.6603481407169597,0.6874112756841013,-0.6603481407169554,
2024-08-22_01,10,pls,mean_shift,0.13164674306575044,0.19850607197446082,-0.05413008055999313,
2024-08-22_01,10,pls,full_map,0.07326822702214646,0.11411838766212068,-0.05413008056000024,
2024-08-22_02,10,pls,template,0.33524476993044294,0.3611797435178023,-0.3352447699304406,
2024-08-22_02,10,pls,mean_shift,0.09997703458701986,0.14132392598087162,-0.04371156246094188,
2024-08-22_02,10,pls,full_map,0.07827819067036573,0.11549000341672153,-0.04371156246094188,
2024-08-22_03,10,pls,template,0.4801357811663978,0.4907598569454464,-0.4801357811663962,
2024-08-22_03,10,pls,mean_shift,0.09057995915167107,0.13154609886183613,-0.0836032732189338,
2024-08-22_03,10,pls,full_map,0.08360327321893994,0.10496805229659031,-0.0836032732189409,
2024-08-22_04,10,pls,template,0.2650672418405558,0.27663685468394544,-0.252053758694494,
2024-08-22_04,10,pls,mean_shift,0.17093840880859584,0.19254700678566605,-0.155169255088488,
2024-08-22_04,10,pls,full_map,0.17034188150394924,0.1928331750517666,-0.155169255088488,
2024-08-22_01,10,gpr,template,0.6603481407169597,0.6874112756841013,-0.6603481407169554,
2024-08-22_01,10,gpr,mean_shift,0.1369814303720034,0.22279857169471223,-0.11473712807939052,0.2585572620848789
2024-08-22_01,10,gpr,full_map,0.11887247531406107,0.1887574559452279,-0.11473712807939052,0.3360385714292385
2024-08-22_02,10,gpr,template,0.33524476993044294,0.3611797435178023,-0.3352447699304406,
2024-08-22_02,10,gpr,mean_shift,0.102287686311168,0.13476647231188413,-0.010012527029672924,0.1297496564762936
2024-08-22_02,10,gpr,full_map,0.16119208657415202,0.6486713524864178,-0.010012527029687135,0.16923034554314392
2024-08-22_03,10,gpr,template,0.4801357811663978,0.4907598569454464,-0.4801357811663962,
2024-08-22_03,10,gpr,mean_shift,0.09363715921016097,0.1347876904465305,-0.08861632278007647,0.12134187546733247
2024-08-22_03,10,gpr,full_map,0.08861632278007575,0.10301754968380737,-0.08861632278007647,0.15130489947695033
2024-08-22_04,10,gpr,template,0.2650672418405558,0.27663685468394544,-0.252053758694494,
2024-08-22_04,10,gpr,mean_shift,0.18178215393852837,0.20180896803068957,-0.16652329410688083,0.12040854645267808
2024-08-22_04,10,gpr,full_map,0.18257737327165804,0.20207637092739755,-0.16652329410688793,0.1421777966415846
